solid OpenSCAD_Model
  facet normal 0.649448 0.760406 -0
    outer loop
      vertex 3.14662 3.14662 0
      vertex 2.61564 3.60013 5
      vertex 3.14662 3.14662 5
    endloop
  endfacet
  facet normal 0.649448 0.760406 0
    outer loop
      vertex 2.61564 3.60013 5
      vertex 3.14662 3.14662 0
      vertex 2.61564 3.60013 0
    endloop
  endfacet
  facet normal -0.92388 0.382683 0
    outer loop
      vertex -4.2322 1.37512 0
      vertex -3.96498 2.02026 5
      vertex -3.96498 2.02026 0
    endloop
  endfacet
  facet normal -0.92388 0.382683 0
    outer loop
      vertex -3.96498 2.02026 5
      vertex -4.2322 1.37512 0
      vertex -4.2322 1.37512 5
    endloop
  endfacet
  facet normal -0.382683 -0.92388 0
    outer loop
      vertex -2.02026 -3.96498 0
      vertex -1.37512 -4.2322 5
      vertex -2.02026 -3.96498 5
    endloop
  endfacet
  facet normal -0.382683 -0.92388 -0
    outer loop
      vertex -1.37512 -4.2322 5
      vertex -2.02026 -3.96498 0
      vertex -1.37512 -4.2322 0
    endloop
  endfacet
  facet normal -0.382683 0.92388 0
    outer loop
      vertex -1.37512 4.2322 0
      vertex -2.02026 3.96498 5
      vertex -1.37512 4.2322 5
    endloop
  endfacet
  facet normal -0.382683 0.92388 0
    outer loop
      vertex -2.02026 3.96498 5
      vertex -1.37512 4.2322 0
      vertex -2.02026 3.96498 0
    endloop
  endfacet
  facet normal -0.85264 0.522498 0
    outer loop
      vertex -3.96498 2.02026 0
      vertex -3.60013 2.61564 5
      vertex -3.60013 2.61564 0
    endloop
  endfacet
  facet normal -0.85264 0.522498 0
    outer loop
      vertex -3.60013 2.61564 5
      vertex -3.96498 2.02026 0
      vertex -3.96498 2.02026 5
    endloop
  endfacet
  facet normal 0.97237 0.233445 0
    outer loop
      vertex 4.39521 0.696133 5
      vertex 4.2322 1.37512 0
      vertex 4.2322 1.37512 5
    endloop
  endfacet
  facet normal 0.97237 0.233445 0
    outer loop
      vertex 4.2322 1.37512 0
      vertex 4.39521 0.696133 5
      vertex 4.39521 0.696133 0
    endloop
  endfacet
  facet normal 0.92388 0.382683 0
    outer loop
      vertex 4.2322 1.37512 5
      vertex 3.96498 2.02026 0
      vertex 3.96498 2.02026 5
    endloop
  endfacet
  facet normal 0.92388 0.382683 0
    outer loop
      vertex 3.96498 2.02026 0
      vertex 4.2322 1.37512 5
      vertex 4.2322 1.37512 0
    endloop
  endfacet
  facet normal 0.85264 0.522498 0
    outer loop
      vertex 3.96498 2.02026 5
      vertex 3.60013 2.61564 0
      vertex 3.60013 2.61564 5
    endloop
  endfacet
  facet normal 0.85264 0.522498 0
    outer loop
      vertex 3.60013 2.61564 0
      vertex 3.96498 2.02026 5
      vertex 3.96498 2.02026 0
    endloop
  endfacet
  facet normal 0.760406 0.649448 0
    outer loop
      vertex 3.60013 2.61564 5
      vertex 3.14662 3.14662 0
      vertex 3.14662 3.14662 5
    endloop
  endfacet
  facet normal 0.760406 0.649448 0
    outer loop
      vertex 3.14662 3.14662 0
      vertex 3.60013 2.61564 5
      vertex 3.60013 2.61564 0
    endloop
  endfacet
  facet normal 0.522498 0.85264 -0
    outer loop
      vertex 2.61564 3.60013 0
      vertex 2.02026 3.96498 5
      vertex 2.61564 3.60013 5
    endloop
  endfacet
  facet normal 0.522498 0.85264 0
    outer loop
      vertex 2.02026 3.96498 5
      vertex 2.61564 3.60013 0
      vertex 2.02026 3.96498 0
    endloop
  endfacet
  facet normal -0.97237 0.233445 0
    outer loop
      vertex -4.39521 0.696133 0
      vertex -4.2322 1.37512 5
      vertex -4.2322 1.37512 0
    endloop
  endfacet
  facet normal -0.97237 0.233445 0
    outer loop
      vertex -4.2322 1.37512 5
      vertex -4.39521 0.696133 0
      vertex -4.39521 0.696133 5
    endloop
  endfacet
  facet normal -0.760406 0.649448 0
    outer loop
      vertex -3.60013 2.61564 0
      vertex -3.14662 3.14662 5
      vertex -3.14662 3.14662 0
    endloop
  endfacet
  facet normal -0.760406 0.649448 0
    outer loop
      vertex -3.14662 3.14662 5
      vertex -3.60013 2.61564 0
      vertex -3.60013 2.61564 5
    endloop
  endfacet
  facet normal -0.522498 0.85264 0
    outer loop
      vertex -2.02026 3.96498 0
      vertex -2.61564 3.60013 5
      vertex -2.02026 3.96498 5
    endloop
  endfacet
  facet normal -0.522498 0.85264 0
    outer loop
      vertex -2.61564 3.60013 5
      vertex -2.02026 3.96498 0
      vertex -2.61564 3.60013 0
    endloop
  endfacet
  facet normal -0.233445 0.97237 0
    outer loop
      vertex -0.696133 4.39521 0
      vertex -1.37512 4.2322 5
      vertex -0.696133 4.39521 5
    endloop
  endfacet
  facet normal -0.233445 0.97237 0
    outer loop
      vertex -1.37512 4.2322 5
      vertex -0.696133 4.39521 0
      vertex -1.37512 4.2322 0
    endloop
  endfacet
  facet normal -0.649448 0.760406 0
    outer loop
      vertex -2.61564 3.60013 0
      vertex -3.14662 3.14662 5
      vertex -2.61564 3.60013 5
    endloop
  endfacet
  facet normal -0.649448 0.760406 0
    outer loop
      vertex -3.14662 3.14662 5
      vertex -2.61564 3.60013 0
      vertex -3.14662 3.14662 0
    endloop
  endfacet
  facet normal 0.996917 0.0784602 0
    outer loop
      vertex 4.45 0 5
      vertex 4.39521 0.696133 0
      vertex 4.39521 0.696133 5
    endloop
  endfacet
  facet normal 0.996917 0.0784602 0
    outer loop
      vertex 4.39521 0.696133 0
      vertex 4.45 0 5
      vertex 4.45 0 0
    endloop
  endfacet
  facet normal 0.382683 -0.92388 0
    outer loop
      vertex 1.37512 -4.2322 0
      vertex 2.02026 -3.96498 5
      vertex 1.37512 -4.2322 5
    endloop
  endfacet
  facet normal 0.382683 -0.92388 0
    outer loop
      vertex 2.02026 -3.96498 5
      vertex 1.37512 -4.2322 0
      vertex 2.02026 -3.96498 0
    endloop
  endfacet
  facet normal 0.522498 -0.85264 0
    outer loop
      vertex 2.02026 -3.96498 0
      vertex 2.61564 -3.60013 5
      vertex 2.02026 -3.96498 5
    endloop
  endfacet
  facet normal 0.522498 -0.85264 0
    outer loop
      vertex 2.61564 -3.60013 5
      vertex 2.02026 -3.96498 0
      vertex 2.61564 -3.60013 0
    endloop
  endfacet
  facet normal 0.85264 -0.522498 0
    outer loop
      vertex 3.60013 -2.61564 5
      vertex 3.96498 -2.02026 0
      vertex 3.96498 -2.02026 5
    endloop
  endfacet
  facet normal 0.85264 -0.522498 0
    outer loop
      vertex 3.96498 -2.02026 0
      vertex 3.60013 -2.61564 5
      vertex 3.60013 -2.61564 0
    endloop
  endfacet
  facet normal -0.233445 -0.97237 0
    outer loop
      vertex -1.37512 -4.2322 0
      vertex -0.696133 -4.39521 5
      vertex -1.37512 -4.2322 5
    endloop
  endfacet
  facet normal -0.233445 -0.97237 -0
    outer loop
      vertex -0.696133 -4.39521 5
      vertex -1.37512 -4.2322 0
      vertex -0.696133 -4.39521 0
    endloop
  endfacet
  facet normal -0.649448 -0.760406 0
    outer loop
      vertex -3.14662 -3.14662 0
      vertex -2.61564 -3.60013 5
      vertex -3.14662 -3.14662 5
    endloop
  endfacet
  facet normal -0.649448 -0.760406 -0
    outer loop
      vertex -2.61564 -3.60013 5
      vertex -3.14662 -3.14662 0
      vertex -2.61564 -3.60013 0
    endloop
  endfacet
  facet normal -0.85264 -0.522498 0
    outer loop
      vertex -3.60013 -2.61564 0
      vertex -3.96498 -2.02026 5
      vertex -3.96498 -2.02026 0
    endloop
  endfacet
  facet normal -0.85264 -0.522498 0
    outer loop
      vertex -3.96498 -2.02026 5
      vertex -3.60013 -2.61564 0
      vertex -3.60013 -2.61564 5
    endloop
  endfacet
  facet normal -0.760406 -0.649448 0
    outer loop
      vertex -3.14662 -3.14662 0
      vertex -3.60013 -2.61564 5
      vertex -3.60013 -2.61564 0
    endloop
  endfacet
  facet normal -0.760406 -0.649448 0
    outer loop
      vertex -3.60013 -2.61564 5
      vertex -3.14662 -3.14662 0
      vertex -3.14662 -3.14662 5
    endloop
  endfacet
  facet normal 0.0784602 0.996917 -0
    outer loop
      vertex 0.696133 4.39521 0
      vertex 0 4.45 5
      vertex 0.696133 4.39521 5
    endloop
  endfacet
  facet normal 0.0784602 0.996917 0
    outer loop
      vertex 0 4.45 5
      vertex 0.696133 4.39521 0
      vertex 0 4.45 0
    endloop
  endfacet
  facet normal 0.382683 0.92388 -0
    outer loop
      vertex 2.02026 3.96498 0
      vertex 1.37512 4.2322 5
      vertex 2.02026 3.96498 5
    endloop
  endfacet
  facet normal 0.382683 0.92388 0
    outer loop
      vertex 1.37512 4.2322 5
      vertex 2.02026 3.96498 0
      vertex 1.37512 4.2322 0
    endloop
  endfacet
  facet normal -0.996917 0.0784602 0
    outer loop
      vertex -4.45 0 0
      vertex -4.39521 0.696133 5
      vertex -4.39521 0.696133 0
    endloop
  endfacet
  facet normal -0.996917 0.0784602 0
    outer loop
      vertex -4.39521 0.696133 5
      vertex -4.45 0 0
      vertex -4.45 0 5
    endloop
  endfacet
  facet normal -0.0784602 0.996917 0
    outer loop
      vertex 0 4.45 0
      vertex -0.696133 4.39521 5
      vertex 0 4.45 5
    endloop
  endfacet
  facet normal -0.0784602 0.996917 0
    outer loop
      vertex -0.696133 4.39521 5
      vertex 0 4.45 0
      vertex -0.696133 4.39521 0
    endloop
  endfacet
  facet normal 0.97237 -0.233445 0
    outer loop
      vertex 4.2322 -1.37512 5
      vertex 4.39521 -0.696133 0
      vertex 4.39521 -0.696133 5
    endloop
  endfacet
  facet normal 0.97237 -0.233445 0
    outer loop
      vertex 4.39521 -0.696133 0
      vertex 4.2322 -1.37512 5
      vertex 4.2322 -1.37512 0
    endloop
  endfacet
  facet normal 0.0784602 -0.996917 0
    outer loop
      vertex 0 -4.45 0
      vertex 0.696133 -4.39521 5
      vertex 0 -4.45 5
    endloop
  endfacet
  facet normal 0.0784602 -0.996917 0
    outer loop
      vertex 0.696133 -4.39521 5
      vertex 0 -4.45 0
      vertex 0.696133 -4.39521 0
    endloop
  endfacet
  facet normal 0.233445 -0.97237 0
    outer loop
      vertex 0.696133 -4.39521 0
      vertex 1.37512 -4.2322 5
      vertex 0.696133 -4.39521 5
    endloop
  endfacet
  facet normal 0.233445 -0.97237 0
    outer loop
      vertex 1.37512 -4.2322 5
      vertex 0.696133 -4.39521 0
      vertex 1.37512 -4.2322 0
    endloop
  endfacet
  facet normal 0.649448 -0.760406 0
    outer loop
      vertex 2.61564 -3.60013 0
      vertex 3.14662 -3.14662 5
      vertex 2.61564 -3.60013 5
    endloop
  endfacet
  facet normal 0.649448 -0.760406 0
    outer loop
      vertex 3.14662 -3.14662 5
      vertex 2.61564 -3.60013 0
      vertex 3.14662 -3.14662 0
    endloop
  endfacet
  facet normal 0.92388 -0.382683 0
    outer loop
      vertex 3.96498 -2.02026 5
      vertex 4.2322 -1.37512 0
      vertex 4.2322 -1.37512 5
    endloop
  endfacet
  facet normal 0.92388 -0.382683 0
    outer loop
      vertex 4.2322 -1.37512 0
      vertex 3.96498 -2.02026 5
      vertex 3.96498 -2.02026 0
    endloop
  endfacet
  facet normal -0.0784602 -0.996917 0
    outer loop
      vertex -0.696133 -4.39521 0
      vertex 0 -4.45 5
      vertex -0.696133 -4.39521 5
    endloop
  endfacet
  facet normal -0.0784602 -0.996917 -0
    outer loop
      vertex 0 -4.45 5
      vertex -0.696133 -4.39521 0
      vertex 0 -4.45 0
    endloop
  endfacet
  facet normal -0.522498 -0.85264 0
    outer loop
      vertex -2.61564 -3.60013 0
      vertex -2.02026 -3.96498 5
      vertex -2.61564 -3.60013 5
    endloop
  endfacet
  facet normal -0.522498 -0.85264 -0
    outer loop
      vertex -2.02026 -3.96498 5
      vertex -2.61564 -3.60013 0
      vertex -2.02026 -3.96498 0
    endloop
  endfacet
  facet normal -0.92388 -0.382683 0
    outer loop
      vertex -3.96498 -2.02026 0
      vertex -4.2322 -1.37512 5
      vertex -4.2322 -1.37512 0
    endloop
  endfacet
  facet normal -0.92388 -0.382683 0
    outer loop
      vertex -4.2322 -1.37512 5
      vertex -3.96498 -2.02026 0
      vertex -3.96498 -2.02026 5
    endloop
  endfacet
  facet normal -0.996917 -0.0784602 0
    outer loop
      vertex -4.39521 -0.696133 0
      vertex -4.45 0 5
      vertex -4.45 0 0
    endloop
  endfacet
  facet normal -0.996917 -0.0784602 0
    outer loop
      vertex -4.45 0 5
      vertex -4.39521 -0.696133 0
      vertex -4.39521 -0.696133 5
    endloop
  endfacet
  facet normal 0 0 -1
    outer loop
      vertex 3 0 0
      vertex 4.45 0 0
      vertex 4.39521 -0.696133 0
    endloop
  endfacet
  facet normal 0 0 -1
    outer loop
      vertex 2.96306 -0.469303 0
      vertex 4.39521 -0.696133 0
      vertex 4.2322 -1.37512 0
    endloop
  endfacet
  facet normal 0 0 -1
    outer loop
      vertex 4.45 0 0
      vertex 3 0 0
      vertex 4.39521 0.696133 0
    endloop
  endfacet
  facet normal 0 0 -1
    outer loop
      vertex 2.85317 -0.927051 0
      vertex 4.2322 -1.37512 0
      vertex 3.96498 -2.02026 0
    endloop
  endfacet
  facet normal 0 0 -1
    outer loop
      vertex 2.96306 0.469303 0
      vertex 4.39521 0.696133 0
      vertex 3 0 0
    endloop
  endfacet
  facet normal 0 0 -1
    outer loop
      vertex 2.67302 -1.36197 0
      vertex 3.96498 -2.02026 0
      vertex 3.60013 -2.61564 0
    endloop
  endfacet
  facet normal -0 0 -1
    outer loop
      vertex 4.39521 0.696133 0
      vertex 2.96306 0.469303 0
      vertex 4.2322 1.37512 0
    endloop
  endfacet
  facet normal 0 0 -1
    outer loop
      vertex 2.42705 -1.76336 0
      vertex 3.60013 -2.61564 0
      vertex 3.14662 -3.14662 0
    endloop
  endfacet
  facet normal 0 0 -1
    outer loop
      vertex 2.85317 0.927051 0
      vertex 4.2322 1.37512 0
      vertex 2.96306 0.469303 0
    endloop
  endfacet
  facet normal -0 0 -1
    outer loop
      vertex 4.2322 1.37512 0
      vertex 2.85317 0.927051 0
      vertex 3.96498 2.02026 0
    endloop
  endfacet
  facet normal 0 0 -1
    outer loop
      vertex 4.39521 -0.696133 0
      vertex 2.96306 -0.469303 0
      vertex 3 0 0
    endloop
  endfacet
  facet normal 0 0 -1
    outer loop
      vertex 4.2322 -1.37512 0
      vertex 2.85317 -0.927051 0
      vertex 2.96306 -0.469303 0
    endloop
  endfacet
  facet normal 0 0 -1
    outer loop
      vertex 3.96498 -2.02026 0
      vertex 2.67302 -1.36197 0
      vertex 2.85317 -0.927051 0
    endloop
  endfacet
  facet normal 0 0 -1
    outer loop
      vertex 2.12132 -2.12132 0
      vertex 3.14662 -3.14662 0
      vertex 2.61564 -3.60013 0
    endloop
  endfacet
  facet normal 0 0 -1
    outer loop
      vertex 3.60013 -2.61564 0
      vertex 2.42705 -1.76336 0
      vertex 2.67302 -1.36197 0
    endloop
  endfacet
  facet normal 0 0 -1
    outer loop
      vertex 3.14662 -3.14662 0
      vertex 2.12132 -2.12132 0
      vertex 2.42705 -1.76336 0
    endloop
  endfacet
  facet normal 0 0 -1
    outer loop
      vertex 1.76336 -2.42705 0
      vertex 2.61564 -3.60013 0
      vertex 2.02026 -3.96498 0
    endloop
  endfacet
  facet normal 0 0 -1
    outer loop
      vertex 2.61564 -3.60013 0
      vertex 1.76336 -2.42705 0
      vertex 2.12132 -2.12132 0
    endloop
  endfacet
  facet normal 0 0 -1
    outer loop
      vertex 1.36197 -2.67302 0
      vertex 2.02026 -3.96498 0
      vertex 1.37512 -4.2322 0
    endloop
  endfacet
  facet normal 0 0 -1
    outer loop
      vertex 2.02026 -3.96498 0
      vertex 1.36197 -2.67302 0
      vertex 1.76336 -2.42705 0
    endloop
  endfacet
  facet normal 0 0 -1
    outer loop
      vertex 1.37512 -4.2322 0
      vertex 0.927051 -2.85317 0
      vertex 1.36197 -2.67302 0
    endloop
  endfacet
  facet normal 0 0 -1
    outer loop
      vertex 0.696133 -4.39521 0
      vertex 0.927051 -2.85317 0
      vertex 1.37512 -4.2322 0
    endloop
  endfacet
  facet normal 0 0 -1
    outer loop
      vertex 0.696133 -4.39521 0
      vertex 0.469303 -2.96306 0
      vertex 0.927051 -2.85317 0
    endloop
  endfacet
  facet normal 0 0 -1
    outer loop
      vertex 0 -4.45 0
      vertex 0.469303 -2.96306 0
      vertex 0.696133 -4.39521 0
    endloop
  endfacet
  facet normal 0 0 -1
    outer loop
      vertex 0 -4.45 0
      vertex 0 -3 0
      vertex 0.469303 -2.96306 0
    endloop
  endfacet
  facet normal 0 0 -1
    outer loop
      vertex 0 -4.45 0
      vertex -0.469303 -2.96306 0
      vertex 0 -3 0
    endloop
  endfacet
  facet normal 0 0 -1
    outer loop
      vertex -0.696133 -4.39521 0
      vertex -0.469303 -2.96306 0
      vertex 0 -4.45 0
    endloop
  endfacet
  facet normal 0 0 -1
    outer loop
      vertex -0.696133 -4.39521 0
      vertex -0.927051 -2.85317 0
      vertex -0.469303 -2.96306 0
    endloop
  endfacet
  facet normal 0 0 -1
    outer loop
      vertex -1.37512 -4.2322 0
      vertex -0.927051 -2.85317 0
      vertex -0.696133 -4.39521 0
    endloop
  endfacet
  facet normal -0 0 -1
    outer loop
      vertex -0.927051 -2.85317 0
      vertex -1.37512 -4.2322 0
      vertex -1.36197 -2.67302 0
    endloop
  endfacet
  facet normal 0 0 -1
    outer loop
      vertex -2.02026 -3.96498 0
      vertex -1.36197 -2.67302 0
      vertex -1.37512 -4.2322 0
    endloop
  endfacet
  facet normal -0 0 -1
    outer loop
      vertex -1.36197 -2.67302 0
      vertex -2.02026 -3.96498 0
      vertex -1.76336 -2.42705 0
    endloop
  endfacet
  facet normal 0 0 -1
    outer loop
      vertex -2.61564 -3.60013 0
      vertex -1.76336 -2.42705 0
      vertex -2.02026 -3.96498 0
    endloop
  endfacet
  facet normal -0 0 -1
    outer loop
      vertex -1.76336 -2.42705 0
      vertex -2.61564 -3.60013 0
      vertex -2.12132 -2.12132 0
    endloop
  endfacet
  facet normal 0 0 -1
    outer loop
      vertex -3.14662 -3.14662 0
      vertex -2.12132 -2.12132 0
      vertex -2.61564 -3.60013 0
    endloop
  endfacet
  facet normal -0 0 -1
    outer loop
      vertex -2.12132 -2.12132 0
      vertex -3.14662 -3.14662 0
      vertex -2.42705 -1.76336 0
    endloop
  endfacet
  facet normal 0 0 -1
    outer loop
      vertex -3.60013 -2.61564 0
      vertex -2.42705 -1.76336 0
      vertex -3.14662 -3.14662 0
    endloop
  endfacet
  facet normal -0 0 -1
    outer loop
      vertex -2.42705 -1.76336 0
      vertex -3.60013 -2.61564 0
      vertex -2.67302 -1.36197 0
    endloop
  endfacet
  facet normal -0 0 -1
    outer loop
      vertex -2.67302 -1.36197 0
      vertex -3.96498 -2.02026 0
      vertex -2.85317 -0.927051 0
    endloop
  endfacet
  facet normal 0 0 -1
    outer loop
      vertex -3.96498 -2.02026 0
      vertex -2.67302 -1.36197 0
      vertex -3.60013 -2.61564 0
    endloop
  endfacet
  facet normal 0 0 -1
    outer loop
      vertex 2.67302 1.36197 0
      vertex 3.96498 2.02026 0
      vertex 2.85317 0.927051 0
    endloop
  endfacet
  facet normal -0 0 -1
    outer loop
      vertex 3.96498 2.02026 0
      vertex 2.67302 1.36197 0
      vertex 3.60013 2.61564 0
    endloop
  endfacet
  facet normal 0 0 -1
    outer loop
      vertex 2.42705 1.76336 0
      vertex 3.60013 2.61564 0
      vertex 2.67302 1.36197 0
    endloop
  endfacet
  facet normal -0 0 -1
    outer loop
      vertex 3.60013 2.61564 0
      vertex 2.42705 1.76336 0
      vertex 3.14662 3.14662 0
    endloop
  endfacet
  facet normal 0 0 -1
    outer loop
      vertex 2.12132 2.12132 0
      vertex 3.14662 3.14662 0
      vertex 2.42705 1.76336 0
    endloop
  endfacet
  facet normal -0 0 -1
    outer loop
      vertex 3.14662 3.14662 0
      vertex 2.12132 2.12132 0
      vertex 2.61564 3.60013 0
    endloop
  endfacet
  facet normal 0 0 -1
    outer loop
      vertex 1.76336 2.42705 0
      vertex 2.61564 3.60013 0
      vertex 2.12132 2.12132 0
    endloop
  endfacet
  facet normal -0 0 -1
    outer loop
      vertex 2.61564 3.60013 0
      vertex 1.76336 2.42705 0
      vertex 2.02026 3.96498 0
    endloop
  endfacet
  facet normal 0 0 -1
    outer loop
      vertex 1.36197 2.67302 0
      vertex 2.02026 3.96498 0
      vertex 1.76336 2.42705 0
    endloop
  endfacet
  facet normal -0 0 -1
    outer loop
      vertex 2.02026 3.96498 0
      vertex 1.36197 2.67302 0
      vertex 1.37512 4.2322 0
    endloop
  endfacet
  facet normal 0 0 -1
    outer loop
      vertex 0.927051 2.85317 0
      vertex 1.37512 4.2322 0
      vertex 1.36197 2.67302 0
    endloop
  endfacet
  facet normal 0 0 -1
    outer loop
      vertex 0.927051 2.85317 0
      vertex 0.696133 4.39521 0
      vertex 1.37512 4.2322 0
    endloop
  endfacet
  facet normal 0 0 -1
    outer loop
      vertex 0.469303 2.96306 0
      vertex 0.696133 4.39521 0
      vertex 0.927051 2.85317 0
    endloop
  endfacet
  facet normal 0 0 -1
    outer loop
      vertex 0 3 0
      vertex 0.696133 4.39521 0
      vertex 0.469303 2.96306 0
    endloop
  endfacet
  facet normal 0 0 -1
    outer loop
      vertex 0 3 0
      vertex 0 4.45 0
      vertex 0.696133 4.39521 0
    endloop
  endfacet
  facet normal 0 0 -1
    outer loop
      vertex -0.469303 2.96306 0
      vertex 0 4.45 0
      vertex 0 3 0
    endloop
  endfacet
  facet normal 0 0 -1
    outer loop
      vertex -0.469303 2.96306 0
      vertex -0.696133 4.39521 0
      vertex 0 4.45 0
    endloop
  endfacet
  facet normal 0 0 -1
    outer loop
      vertex -0.927051 2.85317 0
      vertex -0.696133 4.39521 0
      vertex -0.469303 2.96306 0
    endloop
  endfacet
  facet normal 0 0 -1
    outer loop
      vertex -1.37512 4.2322 0
      vertex -0.927051 2.85317 0
      vertex -1.36197 2.67302 0
    endloop
  endfacet
  facet normal 0 0 -1
    outer loop
      vertex -0.927051 2.85317 0
      vertex -1.37512 4.2322 0
      vertex -0.696133 4.39521 0
    endloop
  endfacet
  facet normal 0 0 -1
    outer loop
      vertex -2.02026 3.96498 0
      vertex -1.36197 2.67302 0
      vertex -1.76336 2.42705 0
    endloop
  endfacet
  facet normal 0 0 -1
    outer loop
      vertex -1.36197 2.67302 0
      vertex -2.02026 3.96498 0
      vertex -1.37512 4.2322 0
    endloop
  endfacet
  facet normal 0 0 -1
    outer loop
      vertex -2.61564 3.60013 0
      vertex -1.76336 2.42705 0
      vertex -2.12132 2.12132 0
    endloop
  endfacet
  facet normal 0 0 -1
    outer loop
      vertex -3.14662 3.14662 0
      vertex -2.12132 2.12132 0
      vertex -2.42705 1.76336 0
    endloop
  endfacet
  facet normal 0 0 -1
    outer loop
      vertex -1.76336 2.42705 0
      vertex -2.61564 3.60013 0
      vertex -2.02026 3.96498 0
    endloop
  endfacet
  facet normal 0 0 -1
    outer loop
      vertex -3.60013 2.61564 0
      vertex -2.42705 1.76336 0
      vertex -2.67302 1.36197 0
    endloop
  endfacet
  facet normal 0 0 -1
    outer loop
      vertex -3.96498 2.02026 0
      vertex -2.67302 1.36197 0
      vertex -2.85317 0.927051 0
    endloop
  endfacet
  facet normal 0 0 -1
    outer loop
      vertex -4.2322 1.37512 0
      vertex -2.85317 0.927051 0
      vertex -2.96306 0.469303 0
    endloop
  endfacet
  facet normal 0 0 -1
    outer loop
      vertex -2.12132 2.12132 0
      vertex -3.14662 3.14662 0
      vertex -2.61564 3.60013 0
    endloop
  endfacet
  facet normal 0 0 -1
    outer loop
      vertex -4.39521 0.696133 0
      vertex -2.96306 0.469303 0
      vertex -3 0 0
    endloop
  endfacet
  facet normal 0 0 -1
    outer loop
      vertex -4.2322 -1.37512 0
      vertex -2.85317 -0.927051 0
      vertex -3.96498 -2.02026 0
    endloop
  endfacet
  facet normal -0 0 -1
    outer loop
      vertex -2.85317 -0.927051 0
      vertex -4.2322 -1.37512 0
      vertex -2.96306 -0.469303 0
    endloop
  endfacet
  facet normal 0 0 -1
    outer loop
      vertex -2.42705 1.76336 0
      vertex -3.60013 2.61564 0
      vertex -3.14662 3.14662 0
    endloop
  endfacet
  facet normal 0 0 -1
    outer loop
      vertex -4.39521 -0.696133 0
      vertex -2.96306 -0.469303 0
      vertex -4.2322 -1.37512 0
    endloop
  endfacet
  facet normal 0 0 -1
    outer loop
      vertex -2.67302 1.36197 0
      vertex -3.96498 2.02026 0
      vertex -3.60013 2.61564 0
    endloop
  endfacet
  facet normal -0 0 -1
    outer loop
      vertex -2.96306 -0.469303 0
      vertex -4.39521 -0.696133 0
      vertex -3 0 0
    endloop
  endfacet
  facet normal 0 0 -1
    outer loop
      vertex -2.85317 0.927051 0
      vertex -4.2322 1.37512 0
      vertex -3.96498 2.02026 0
    endloop
  endfacet
  facet normal 0 0 -1
    outer loop
      vertex -4.45 0 0
      vertex -3 0 0
      vertex -4.39521 -0.696133 0
    endloop
  endfacet
  facet normal 0 0 -1
    outer loop
      vertex -2.96306 0.469303 0
      vertex -4.39521 0.696133 0
      vertex -4.2322 1.37512 0
    endloop
  endfacet
  facet normal 0 0 -1
    outer loop
      vertex -3 0 0
      vertex -4.45 0 0
      vertex -4.39521 0.696133 0
    endloop
  endfacet
  facet normal 0.233445 0.97237 -0
    outer loop
      vertex 1.37512 4.2322 0
      vertex 0.696133 4.39521 5
      vertex 1.37512 4.2322 5
    endloop
  endfacet
  facet normal 0.233445 0.97237 0
    outer loop
      vertex 0.696133 4.39521 5
      vertex 1.37512 4.2322 0
      vertex 0.696133 4.39521 0
    endloop
  endfacet
  facet normal 0 0 -1
    outer loop
      vertex 92.043 8.76562 5
      vertex 88.2578 9.93359 5
      vertex 88.2891 10.1367 5
    endloop
  endfacet
  facet normal 0 0 -1
    outer loop
      vertex 92.043 8.76562 5
      vertex 88.1797 9.73047 5
      vertex 88.2578 9.93359 5
    endloop
  endfacet
  facet normal -0 0 -1
    outer loop
      vertex 92.043 8.76562 5
      vertex 86.4531 6.35156 5
      vertex 88.1797 9.73047 5
    endloop
  endfacet
  facet normal 0 0 -1
    outer loop
      vertex 83.8125 1.30078 5
      vertex 88.7812 2.60156 5
      vertex 85.5898 -3.54688 5
    endloop
  endfacet
  facet normal -0 0 -1
    outer loop
      vertex 88.7812 2.60156 5
      vertex 83.8125 1.30078 5
      vertex 86.4531 6.35156 5
    endloop
  endfacet
  facet normal 0 0 -1
    outer loop
      vertex 80.9844 -4.03906 5
      vertex 85.5898 -3.54688 5
      vertex 82.5117 -9.62891 5
    endloop
  endfacet
  facet normal 0 0 -1
    outer loop
      vertex 78.7812 -8.14453 5
      vertex 82.5117 -9.62891 5
      vertex 82.4531 -9.78906 5
    endloop
  endfacet
  facet normal -0 0 -1
    outer loop
      vertex 85.5898 -3.54688 5
      vertex 80.9844 -4.03906 5
      vertex 83.8125 1.30078 5
    endloop
  endfacet
  facet normal 0 0 -1
    outer loop
      vertex 128.215 9.59766 5
      vertex 123.637 5.91016 5
      vertex 123.66 6.54297 5
    endloop
  endfacet
  facet normal -0 0 -1
    outer loop
      vertex 132.633 5.40234 5
      vertex 123.551 5.28125 5
      vertex 123.637 5.91016 5
    endloop
  endfacet
  facet normal 0 0 -1
    outer loop
      vertex 132.633 5.40234 5
      vertex 123.402 4.66406 5
      vertex 123.551 5.28125 5
    endloop
  endfacet
  facet normal 0 0 -1
    outer loop
      vertex 132.633 5.40234 5
      vertex 123.227 4.08594 5
      vertex 123.402 4.66406 5
    endloop
  endfacet
  facet normal 0 0 -1
    outer loop
      vertex 132.633 5.40234 5
      vertex 123.039 3.58984 5
      vertex 123.227 4.08594 5
    endloop
  endfacet
  facet normal 0 0 -1
    outer loop
      vertex 132.633 5.40234 5
      vertex 122.738 2.91016 5
      vertex 123.039 3.58984 5
    endloop
  endfacet
  facet normal 0 0 -1
    outer loop
      vertex 125.066 -5.03125 5
      vertex 122.387 2.26172 5
      vertex 122.738 2.91016 5
    endloop
  endfacet
  facet normal 0 0 -1
    outer loop
      vertex 125.066 -5.03125 5
      vertex 121.988 1.63281 5
      vertex 122.387 2.26172 5
    endloop
  endfacet
  facet normal 0 0 -1
    outer loop
      vertex 125.066 -5.03125 5
      vertex 121.555 1.02734 5
      vertex 121.988 1.63281 5
    endloop
  endfacet
  facet normal 0 0 -1
    outer loop
      vertex 125.066 -5.03125 5
      vertex 121.074 0.457031 5
      vertex 121.555 1.02734 5
    endloop
  endfacet
  facet normal 0 0 -1
    outer loop
      vertex 125.066 -5.03125 5
      vertex 120.562 -0.0859375 5
      vertex 121.074 0.457031 5
    endloop
  endfacet
  facet normal 0 0 -1
    outer loop
      vertex 125.066 -5.03125 5
      vertex 120.023 -0.59375 5
      vertex 120.562 -0.0859375 5
    endloop
  endfacet
  facet normal 0 0 -1
    outer loop
      vertex 125.066 -5.03125 5
      vertex 119.449 -1.05859 5
      vertex 120.023 -0.59375 5
    endloop
  endfacet
  facet normal 0 0 -1
    outer loop
      vertex 118.848 -1.49609 5
      vertex 125.066 -5.03125 5
      vertex 119.164 -8.23828 5
    endloop
  endfacet
  facet normal 0 0 -1
    outer loop
      vertex 117.582 -2.28125 5
      vertex 119.164 -8.23828 5
      vertex 119.137 -8.23828 5
    endloop
  endfacet
  facet normal 0 0 -1
    outer loop
      vertex 125.066 -5.03125 5
      vertex 118.848 -1.49609 5
      vertex 119.449 -1.05859 5
    endloop
  endfacet
  facet normal 0 0 -1
    outer loop
      vertex 119.164 -8.23828 5
      vertex 118.215 -1.89844 5
      vertex 118.848 -1.49609 5
    endloop
  endfacet
  facet normal 0 0 -1
    outer loop
      vertex 119.164 -8.23828 5
      vertex 117.582 -2.28125 5
      vertex 118.215 -1.89844 5
    endloop
  endfacet
  facet normal 0 0 -1
    outer loop
      vertex 119.137 -8.23828 5
      vertex 116.918 -2.60547 5
      vertex 117.582 -2.28125 5
    endloop
  endfacet
  facet normal 0 0 -1
    outer loop
      vertex 119.137 -8.23828 5
      vertex 116.234 -2.91016 5
      vertex 116.918 -2.60547 5
    endloop
  endfacet
  facet normal 0 0 -1
    outer loop
      vertex 119.137 -8.23828 5
      vertex 115.539 -3.17969 5
      vertex 116.234 -2.91016 5
    endloop
  endfacet
  facet normal 0 0 -1
    outer loop
      vertex 119.137 -8.23828 5
      vertex 114.84 -3.40625 5
      vertex 115.539 -3.17969 5
    endloop
  endfacet
  facet normal 0 0 -1
    outer loop
      vertex 114.109 -3.66016 5
      vertex 114.84 -3.40625 5
      vertex 119.137 -8.23828 5
    endloop
  endfacet
  facet normal 0 0 -1
    outer loop
      vertex 114.109 -3.64844 5
      vertex 114.84 -3.40625 5
      vertex 114.109 -3.66016 5
    endloop
  endfacet
  facet normal 0 0 -1
    outer loop
      vertex 114.109 -3.64844 5
      vertex 114.102 -3.61328 5
      vertex 114.84 -3.40625 5
    endloop
  endfacet
  facet normal 0 -0 -1
    outer loop
      vertex 114.102 -3.61328 5
      vertex 114.109 -3.64844 5
      vertex 114.098 -3.63672 5
    endloop
  endfacet
  facet normal 0 0 -1
    outer loop
      vertex 114.586 4.89062 5
      vertex 115.016 4.21875 5
      vertex 114.984 3.98828 5
    endloop
  endfacet
  facet normal 0 0 -1
    outer loop
      vertex 115.016 4.21875 5
      vertex 114.586 4.89062 5
      vertex 114.996 4.42188 5
    endloop
  endfacet
  facet normal 0 0 -1
    outer loop
      vertex 114.324 4.98828 5
      vertex 114.984 3.98828 5
      vertex 114.914 3.74219 5
    endloop
  endfacet
  facet normal 0 0 -1
    outer loop
      vertex 113.988 5.05078 5
      vertex 114.914 3.74219 5
      vertex 114.801 3.48047 5
    endloop
  endfacet
  facet normal 0 0 -1
    outer loop
      vertex 114.996 4.42188 5
      vertex 114.586 4.89062 5
      vertex 114.918 4.60938 5
    endloop
  endfacet
  facet normal 0 0 -1
    outer loop
      vertex 113.586 5.06641 5
      vertex 114.801 3.48047 5
      vertex 114.652 3.20312 5
    endloop
  endfacet
  facet normal 0 0 -1
    outer loop
      vertex 114.918 4.60938 5
      vertex 114.586 4.89062 5
      vertex 114.785 4.77344 5
    endloop
  endfacet
  facet normal 0 0 -1
    outer loop
      vertex 113.586 5.06641 5
      vertex 114.652 3.20312 5
      vertex 114.473 2.91016 5
    endloop
  endfacet
  facet normal 0 0 -1
    outer loop
      vertex 114.984 3.98828 5
      vertex 114.324 4.98828 5
      vertex 114.586 4.89062 5
    endloop
  endfacet
  facet normal 0 0 -1
    outer loop
      vertex 113.586 5.06641 5
      vertex 114.473 2.91016 5
      vertex 114.156 2.50781 5
    endloop
  endfacet
  facet normal 0 0 -1
    outer loop
      vertex 114.914 3.74219 5
      vertex 113.988 5.05078 5
      vertex 114.324 4.98828 5
    endloop
  endfacet
  facet normal 0 0 -1
    outer loop
      vertex 113.586 5.06641 5
      vertex 114.156 2.50781 5
      vertex 113.793 2.15234 5
    endloop
  endfacet
  facet normal 0 0 -1
    outer loop
      vertex 114.801 3.48047 5
      vertex 113.586 5.06641 5
      vertex 113.988 5.05078 5
    endloop
  endfacet
  facet normal 0 0 -1
    outer loop
      vertex 113.371 1.82031 5
      vertex 113.586 5.06641 5
      vertex 113.793 2.15234 5
    endloop
  endfacet
  facet normal 0 0 -1
    outer loop
      vertex 112.895 1.53516 5
      vertex 113.586 5.06641 5
      vertex 113.371 1.82031 5
    endloop
  endfacet
  facet normal 0 0 -1
    outer loop
      vertex 112.367 1.27344 5
      vertex 113.586 5.06641 5
      vertex 112.895 1.53516 5
    endloop
  endfacet
  facet normal 0 0 -1
    outer loop
      vertex 111.77 1.05469 5
      vertex 113.586 5.06641 5
      vertex 112.367 1.27344 5
    endloop
  endfacet
  facet normal 0 0 -1
    outer loop
      vertex 111.113 0.867188 5
      vertex 113.586 5.06641 5
      vertex 111.77 1.05469 5
    endloop
  endfacet
  facet normal 0 0 -1
    outer loop
      vertex 110.402 0.707031 5
      vertex 113.586 5.06641 5
      vertex 111.113 0.867188 5
    endloop
  endfacet
  facet normal 0 0 -1
    outer loop
      vertex 109.621 0.589844 5
      vertex 113.586 5.06641 5
      vertex 110.402 0.707031 5
    endloop
  endfacet
  facet normal 0 0 -1
    outer loop
      vertex 108.789 0.507812 5
      vertex 113.586 5.06641 5
      vertex 109.621 0.589844 5
    endloop
  endfacet
  facet normal 0 0 -1
    outer loop
      vertex 107.879 0.457031 5
      vertex 113.586 5.06641 5
      vertex 108.789 0.507812 5
    endloop
  endfacet
  facet normal 0 0 -1
    outer loop
      vertex 106.91 0.441406 5
      vertex 113.586 5.06641 5
      vertex 107.879 0.457031 5
    endloop
  endfacet
  facet normal 0 0 -1
    outer loop
      vertex 106.91 0.441406 5
      vertex 100.602 5.06641 5
      vertex 113.586 5.06641 5
    endloop
  endfacet
  facet normal 0 0 -1
    outer loop
      vertex 100.355 0.441406 5
      vertex 100.602 5.06641 5
      vertex 106.91 0.441406 5
    endloop
  endfacet
  facet normal 0 0 -1
    outer loop
      vertex 98.207 3.56641 5
      vertex 100.355 0.441406 5
      vertex 100.238 0.425781 5
    endloop
  endfacet
  facet normal 0 0 -1
    outer loop
      vertex 98.207 3.56641 5
      vertex 100.238 0.425781 5
      vertex 100.141 0.398438 5
    endloop
  endfacet
  facet normal 0 0 -1
    outer loop
      vertex 98.207 3.56641 5
      vertex 100.141 0.398438 5
      vertex 100.047 0.355469 5
    endloop
  endfacet
  facet normal 0 0 -1
    outer loop
      vertex 100.355 0.441406 5
      vertex 100.031 5.03906 5
      vertex 100.602 5.06641 5
    endloop
  endfacet
  facet normal 0 0 -1
    outer loop
      vertex 98.207 3.56641 5
      vertex 100.047 0.355469 5
      vertex 99.957 0.289062 5
    endloop
  endfacet
  facet normal 0 0 -1
    outer loop
      vertex 98.207 3.56641 5
      vertex 99.957 0.289062 5
      vertex 99.8477 0.121094 5
    endloop
  endfacet
  facet normal 0 0 -1
    outer loop
      vertex 95.9414 -0.898438 5
      vertex 99.8477 0.121094 5
      vertex 99.8164 0.0351562 5
    endloop
  endfacet
  facet normal 0 0 -1
    outer loop
      vertex 95.9414 -0.898438 5
      vertex 99.8164 0.0351562 5
      vertex 99.8047 -0.0585938 5
    endloop
  endfacet
  facet normal 0 0 -1
    outer loop
      vertex 100.355 0.441406 5
      vertex 98.207 3.56641 5
      vertex 100.031 5.03906 5
    endloop
  endfacet
  facet normal 0 0 -1
    outer loop
      vertex 136.918 1.35156 5
      vertex 132.633 5.40234 5
      vertex 136.918 1.38672 5
    endloop
  endfacet
  facet normal 0 0 -1
    outer loop
      vertex 123.535 7.45312 5
      vertex 128.215 9.59766 5
      vertex 123.594 7.15625 5
    endloop
  endfacet
  facet normal 0 0 -1
    outer loop
      vertex 123.594 7.15625 5
      vertex 128.215 9.59766 5
      vertex 123.637 6.85938 5
    endloop
  endfacet
  facet normal 0 0 -1
    outer loop
      vertex 123.637 6.85938 5
      vertex 128.215 9.59766 5
      vertex 123.66 6.54297 5
    endloop
  endfacet
  facet normal 0 0 -1
    outer loop
      vertex 123.637 5.91016 5
      vertex 128.215 9.59766 5
      vertex 132.633 5.40234 5
    endloop
  endfacet
  facet normal 0 0 -1
    outer loop
      vertex 122.738 2.91016 5
      vertex 132.633 5.40234 5
      vertex 125.066 -5.03125 5
    endloop
  endfacet
  facet normal 0 0 -1
    outer loop
      vertex 125.066 -5.03125 5
      vertex 132.633 5.40234 5
      vertex 136.918 1.35156 5
    endloop
  endfacet
  facet normal 0 0 -1
    outer loop
      vertex 227.25 -28 5
      vertex 230.25 -25 5
      vertex 230.213 -25.4693 5
    endloop
  endfacet
  facet normal 0 0 -1
    outer loop
      vertex 230.25 -25 5
      vertex 214.95 0 5
      vertex 230.25 25 5
    endloop
  endfacet
  facet normal 0 0 -1
    outer loop
      vertex 227.25 -28 5
      vertex 230.213 -25.4693 5
      vertex 230.103 -25.9271 5
    endloop
  endfacet
  facet normal 0 0 -1
    outer loop
      vertex 214.895 0.696133 5
      vertex 230.25 25 5
      vertex 214.95 0 5
    endloop
  endfacet
  facet normal 0 0 -1
    outer loop
      vertex 227.25 -28 5
      vertex 230.103 -25.9271 5
      vertex 229.923 -26.362 5
    endloop
  endfacet
  facet normal 0 0 -1
    outer loop
      vertex 214.732 1.37512 5
      vertex 230.25 25 5
      vertex 214.895 0.696133 5
    endloop
  endfacet
  facet normal 0 0 -1
    outer loop
      vertex 227.25 -28 5
      vertex 229.923 -26.362 5
      vertex 229.677 -26.7634 5
    endloop
  endfacet
  facet normal 0 0 -1
    outer loop
      vertex 214.465 2.02026 5
      vertex 230.25 25 5
      vertex 214.732 1.37512 5
    endloop
  endfacet
  facet normal 0 0 -1
    outer loop
      vertex 227.25 -28 5
      vertex 229.677 -26.7634 5
      vertex 229.371 -27.1213 5
    endloop
  endfacet
  facet normal 0 0 -1
    outer loop
      vertex 214.1 2.61564 5
      vertex 230.25 25 5
      vertex 214.465 2.02026 5
    endloop
  endfacet
  facet normal 0 0 -1
    outer loop
      vertex 227.25 -28 5
      vertex 229.371 -27.1213 5
      vertex 229.013 -27.4271 5
    endloop
  endfacet
  facet normal 0 0 -1
    outer loop
      vertex 213.647 3.14662 5
      vertex 230.25 25 5
      vertex 214.1 2.61564 5
    endloop
  endfacet
  facet normal 0 0 -1
    outer loop
      vertex 227.25 -28 5
      vertex 229.013 -27.4271 5
      vertex 228.612 -27.673 5
    endloop
  endfacet
  facet normal 0 0 -1
    outer loop
      vertex 213.116 3.60013 5
      vertex 230.25 25 5
      vertex 213.647 3.14662 5
    endloop
  endfacet
  facet normal 0 0 -1
    outer loop
      vertex 227.25 -28 5
      vertex 228.612 -27.673 5
      vertex 228.177 -27.8532 5
    endloop
  endfacet
  facet normal 0 0 -1
    outer loop
      vertex 212.52 3.96498 5
      vertex 230.25 25 5
      vertex 213.116 3.60013 5
    endloop
  endfacet
  facet normal 0 0 -1
    outer loop
      vertex 227.25 -28 5
      vertex 228.177 -27.8532 5
      vertex 227.719 -27.9631 5
    endloop
  endfacet
  facet normal 0 -0 -1
    outer loop
      vertex 227.25 28 5
      vertex 230.25 25 5
      vertex 212.52 3.96498 5
    endloop
  endfacet
  facet normal -0 0 -1
    outer loop
      vertex 230.25 -25 5
      vertex 227.25 -28 5
      vertex 212.52 -3.96498 5
    endloop
  endfacet
  facet normal 0 0 -1
    outer loop
      vertex 230.213 25.4693 5
      vertex 227.25 28 5
      vertex 230.103 25.9271 5
    endloop
  endfacet
  facet normal 0 0 -1
    outer loop
      vertex 230.103 25.9271 5
      vertex 227.25 28 5
      vertex 229.923 26.362 5
    endloop
  endfacet
  facet normal 0 0 -1
    outer loop
      vertex 230.25 -25 5
      vertex 214.895 -0.696133 5
      vertex 214.95 0 5
    endloop
  endfacet
  facet normal 0 0 -1
    outer loop
      vertex 230.25 -25 5
      vertex 214.732 -1.37512 5
      vertex 214.895 -0.696133 5
    endloop
  endfacet
  facet normal 0 0 -1
    outer loop
      vertex 230.25 -25 5
      vertex 214.465 -2.02026 5
      vertex 214.732 -1.37512 5
    endloop
  endfacet
  facet normal 0 0 -1
    outer loop
      vertex 230.25 -25 5
      vertex 214.1 -2.61564 5
      vertex 214.465 -2.02026 5
    endloop
  endfacet
  facet normal 0 0 -1
    outer loop
      vertex 230.25 -25 5
      vertex 213.647 -3.14662 5
      vertex 214.1 -2.61564 5
    endloop
  endfacet
  facet normal 0 0 -1
    outer loop
      vertex 230.25 -25 5
      vertex 213.116 -3.60013 5
      vertex 213.647 -3.14662 5
    endloop
  endfacet
  facet normal 0 0 -1
    outer loop
      vertex 230.25 -25 5
      vertex 212.52 -3.96498 5
      vertex 213.116 -3.60013 5
    endloop
  endfacet
  facet normal 0 0 -1
    outer loop
      vertex 227.25 -28 5
      vertex 211.875 -4.2322 5
      vertex 212.52 -3.96498 5
    endloop
  endfacet
  facet normal 0 0 -1
    outer loop
      vertex 227.25 -28 5
      vertex 211.196 -4.39521 5
      vertex 211.875 -4.2322 5
    endloop
  endfacet
  facet normal 0 0 -1
    outer loop
      vertex 227.25 -28 5
      vertex 210.5 -4.45 5
      vertex 211.196 -4.39521 5
    endloop
  endfacet
  facet normal 0 0 -1
    outer loop
      vertex 227.25 -28 5
      vertex 209.804 -4.39521 5
      vertex 210.5 -4.45 5
    endloop
  endfacet
  facet normal 0 0 -1
    outer loop
      vertex 227.25 -28 5
      vertex 209.125 -4.2322 5
      vertex 209.804 -4.39521 5
    endloop
  endfacet
  facet normal 0 0 -1
    outer loop
      vertex 227.25 -28 5
      vertex 208.48 -3.96498 5
      vertex 209.125 -4.2322 5
    endloop
  endfacet
  facet normal 0 0 -1
    outer loop
      vertex 159.938 -10.207 5
      vertex 208.48 -3.96498 5
      vertex 227.25 -28 5
    endloop
  endfacet
  facet normal -0 0 -1
    outer loop
      vertex 208.48 -3.96498 5
      vertex 159.938 -10.207 5
      vertex 207.884 -3.60013 5
    endloop
  endfacet
  facet normal 0 -0 -1
    outer loop
      vertex 160.035 -10.0625 5
      vertex 207.884 -3.60013 5
      vertex 159.938 -10.207 5
    endloop
  endfacet
  facet normal 0 0 -1
    outer loop
      vertex 165.141 9.84766 5
      vertex 206.05 0 5
      vertex 206.105 -0.696133 5
    endloop
  endfacet
  facet normal 0 0 -1
    outer loop
      vertex 160.062 -9.88281 5
      vertex 206.105 -0.696133 5
      vertex 206.268 -1.37512 5
    endloop
  endfacet
  facet normal 0 0 -1
    outer loop
      vertex 160.062 -9.88281 5
      vertex 206.268 -1.37512 5
      vertex 206.535 -2.02026 5
    endloop
  endfacet
  facet normal 0 0 -1
    outer loop
      vertex 160.035 -10.0625 5
      vertex 206.535 -2.02026 5
      vertex 206.9 -2.61564 5
    endloop
  endfacet
  facet normal -0 0 -1
    outer loop
      vertex 207.884 -3.60013 5
      vertex 160.035 -10.0625 5
      vertex 207.353 -3.14662 5
    endloop
  endfacet
  facet normal 0 0 -1
    outer loop
      vertex 206.05 0 5
      vertex 165.184 9.94922 5
      vertex 165.207 10.0547 5
    endloop
  endfacet
  facet normal 0 0 -1
    outer loop
      vertex 206.05 0 5
      vertex 165.141 9.84766 5
      vertex 165.184 9.94922 5
    endloop
  endfacet
  facet normal -0 0 -1
    outer loop
      vertex 206.105 -0.696133 5
      vertex 160.062 -9.88281 5
      vertex 165.074 9.74219 5
    endloop
  endfacet
  facet normal 0 0 -1
    outer loop
      vertex 206.105 -0.696133 5
      vertex 165.074 9.74219 5
      vertex 165.141 9.84766 5
    endloop
  endfacet
  facet normal 0 0 -1
    outer loop
      vertex 160.02 -9.70703 5
      vertex 165.074 9.74219 5
      vertex 160.062 -9.88281 5
    endloop
  endfacet
  facet normal 0 0 -1
    outer loop
      vertex 165.074 9.74219 5
      vertex 160.02 -9.70703 5
      vertex 164.98 9.64844 5
    endloop
  endfacet
  facet normal 0 0 -1
    outer loop
      vertex 206.535 -2.02026 5
      vertex 160.035 -10.0625 5
      vertex 160.062 -9.88281 5
    endloop
  endfacet
  facet normal -0 0 -1
    outer loop
      vertex 207.353 -3.14662 5
      vertex 160.035 -10.0625 5
      vertex 206.9 -2.61564 5
    endloop
  endfacet
  facet normal 0 0 -1
    outer loop
      vertex 227.25 -28 5
      vertex 159.797 -10.3164 5
      vertex 159.938 -10.207 5
    endloop
  endfacet
  facet normal 0 0 -1
    outer loop
      vertex 227.25 -28 5
      vertex 159.703 -10.3438 5
      vertex 159.797 -10.3164 5
    endloop
  endfacet
  facet normal 0 0 -1
    outer loop
      vertex 227.25 -28 5
      vertex 159.605 -10.3555 5
      vertex 159.703 -10.3438 5
    endloop
  endfacet
  facet normal 0 0 -1
    outer loop
      vertex 227.25 -28 5
      vertex 150.195 -10.3516 5
      vertex 159.605 -10.3555 5
    endloop
  endfacet
  facet normal 0 0 -1
    outer loop
      vertex 227.25 -28 5
      vertex 149.977 -10.3438 5
      vertex 150.195 -10.3516 5
    endloop
  endfacet
  facet normal 0 0 -1
    outer loop
      vertex 129.184 -10.3242 5
      vertex 149.977 -10.3438 5
      vertex 227.25 -28 5
    endloop
  endfacet
  facet normal 0 0 -1
    outer loop
      vertex 133.84 -7.88281 5
      vertex 142.109 -3.33203 5
      vertex 149.215 -9.97656 5
    endloop
  endfacet
  facet normal -0 0 -1
    outer loop
      vertex 142.109 -3.33203 5
      vertex 133.84 -7.88281 5
      vertex 142.078 -3.32422 5
    endloop
  endfacet
  facet normal 0 0 -1
    outer loop
      vertex 149.371 -10.1133 5
      vertex 133.84 -7.88281 5
      vertex 149.215 -9.97656 5
    endloop
  endfacet
  facet normal 0 0 -1
    outer loop
      vertex 129.711 -10.1406 5
      vertex 149.371 -10.1133 5
      vertex 149.52 -10.207 5
    endloop
  endfacet
  facet normal 0 0 -1
    outer loop
      vertex 129.711 -10.1406 5
      vertex 149.52 -10.207 5
      vertex 149.656 -10.2773 5
    endloop
  endfacet
  facet normal 0 0 -1
    outer loop
      vertex 129.438 -10.2695 5
      vertex 149.656 -10.2773 5
      vertex 149.809 -10.3242 5
    endloop
  endfacet
  facet normal 0 0 -1
    outer loop
      vertex 149.977 -10.3438 5
      vertex 129.184 -10.3242 5
      vertex 149.809 -10.3242 5
    endloop
  endfacet
  facet normal -0 0 -1
    outer loop
      vertex 149.371 -10.1133 5
      vertex 129.711 -10.1406 5
      vertex 133.84 -7.88281 5
    endloop
  endfacet
  facet normal 0 0 -1
    outer loop
      vertex 149.656 -10.2773 5
      vertex 129.438 -10.2695 5
      vertex 129.711 -10.1406 5
    endloop
  endfacet
  facet normal 0 0 -1
    outer loop
      vertex 149.809 -10.3242 5
      vertex 129.184 -10.3242 5
      vertex 129.438 -10.2695 5
    endloop
  endfacet
  facet normal 0 0 -1
    outer loop
      vertex 227.25 -28 5
      vertex 128.887 -10.3398 5
      vertex 129.184 -10.3242 5
    endloop
  endfacet
  facet normal 0 0 -1
    outer loop
      vertex 227.25 -28 5
      vertex 111.082 -10.3398 5
      vertex 128.887 -10.3398 5
    endloop
  endfacet
  facet normal 0 0 -1
    outer loop
      vertex -16.75 -28 5
      vertex 111.082 -10.3398 5
      vertex 227.25 -28 5
    endloop
  endfacet
  facet normal 0 0 -1
    outer loop
      vertex 95.9414 -0.898438 5
      vertex 99.8047 -0.0585938 5
      vertex 99.8047 -0.164062 5
    endloop
  endfacet
  facet normal 0 -0 -1
    outer loop
      vertex 98.6406 4.27734 5
      vertex 100.031 5.03906 5
      vertex 98.207 3.56641 5
    endloop
  endfacet
  facet normal 0 0 -1
    outer loop
      vertex 100.031 5.03906 5
      vertex 98.6406 4.27734 5
      vertex 99.7812 4.98828 5
    endloop
  endfacet
  facet normal 0 0 -1
    outer loop
      vertex 99.7812 4.98828 5
      vertex 98.6406 4.27734 5
      vertex 99.5508 4.92969 5
    endloop
  endfacet
  facet normal 0 0 -1
    outer loop
      vertex 99.5508 4.92969 5
      vertex 99.1406 4.74219 5
      vertex 99.3398 4.85156 5
    endloop
  endfacet
  facet normal 0 0 -1
    outer loop
      vertex 99.1406 4.74219 5
      vertex 98.6406 4.27734 5
      vertex 98.9609 4.61328 5
    endloop
  endfacet
  facet normal 0 0 -1
    outer loop
      vertex 98.9609 4.61328 5
      vertex 98.6406 4.27734 5
      vertex 98.7969 4.46094 5
    endloop
  endfacet
  facet normal 0 -0 -1
    outer loop
      vertex 99.1406 4.74219 5
      vertex 99.5508 4.92969 5
      vertex 98.6406 4.27734 5
    endloop
  endfacet
  facet normal 0 0 -1
    outer loop
      vertex 95.9414 -0.898438 5
      vertex 99.8047 -0.164062 5
      vertex 99.832 -0.257812 5
    endloop
  endfacet
  facet normal 0 0 -1
    outer loop
      vertex 98.6406 4.27734 5
      vertex 98.207 3.56641 5
      vertex 98.4805 4.07422 5
    endloop
  endfacet
  facet normal -0 0 -1
    outer loop
      vertex 99.8477 0.121094 5
      vertex 95.9414 -0.898438 5
      vertex 98.207 3.56641 5
    endloop
  endfacet
  facet normal -0 0 -1
    outer loop
      vertex 99.8789 -0.351562 5
      vertex 95.9414 -0.898438 5
      vertex 99.832 -0.257812 5
    endloop
  endfacet
  facet normal -0 0 -1
    outer loop
      vertex 99.957 -0.445312 5
      vertex 95.9414 -0.898438 5
      vertex 99.8789 -0.351562 5
    endloop
  endfacet
  facet normal 0 0 -1
    outer loop
      vertex 93.6562 -5.35156 5
      vertex 99.957 -0.445312 5
      vertex 106.668 -6.78906 5
    endloop
  endfacet
  facet normal 0 0 -1
    outer loop
      vertex 91.2227 -9.99219 5
      vertex 106.668 -6.78906 5
      vertex 110.035 -9.95312 5
    endloop
  endfacet
  facet normal 0 0 -1
    outer loop
      vertex 91.0898 -10.1445 5
      vertex 110.035 -9.95312 5
      vertex 110.211 -10.1094 5
    endloop
  endfacet
  facet normal 0 0 -1
    outer loop
      vertex 90.957 -10.2461 5
      vertex 110.211 -10.1094 5
      vertex 110.359 -10.2109 5
    endloop
  endfacet
  facet normal 0 0 -1
    outer loop
      vertex 99.957 -0.445312 5
      vertex 93.6562 -5.35156 5
      vertex 95.9414 -0.898438 5
    endloop
  endfacet
  facet normal 0 0 -1
    outer loop
      vertex 90.957 -10.2461 5
      vertex 110.359 -10.2109 5
      vertex 110.496 -10.2773 5
    endloop
  endfacet
  facet normal 0 0 -1
    outer loop
      vertex 90.8008 -10.3047 5
      vertex 110.496 -10.2773 5
      vertex 110.656 -10.3242 5
    endloop
  endfacet
  facet normal -0 0 -1
    outer loop
      vertex 106.668 -6.78906 5
      vertex 91.3477 -9.77734 5
      vertex 93.6562 -5.35156 5
    endloop
  endfacet
  facet normal 0 0 -1
    outer loop
      vertex 111.082 -10.3398 5
      vertex 90.5977 -10.332 5
      vertex 110.656 -10.3242 5
    endloop
  endfacet
  facet normal 0 0 -1
    outer loop
      vertex 106.668 -6.78906 5
      vertex 91.2227 -9.99219 5
      vertex 91.3477 -9.77734 5
    endloop
  endfacet
  facet normal 0 0 -1
    outer loop
      vertex 110.035 -9.95312 5
      vertex 91.0898 -10.1445 5
      vertex 91.2227 -9.99219 5
    endloop
  endfacet
  facet normal 0 0 -1
    outer loop
      vertex 110.211 -10.1094 5
      vertex 90.957 -10.2461 5
      vertex 91.0898 -10.1445 5
    endloop
  endfacet
  facet normal -0 0 -1
    outer loop
      vertex 110.496 -10.2773 5
      vertex 90.8008 -10.3047 5
      vertex 90.957 -10.2461 5
    endloop
  endfacet
  facet normal -0 0 -1
    outer loop
      vertex 110.656 -10.3242 5
      vertex 90.5977 -10.332 5
      vertex 90.8008 -10.3047 5
    endloop
  endfacet
  facet normal 0 0 -1
    outer loop
      vertex 111.082 -10.3398 5
      vertex 90.3555 -10.3398 5
      vertex 90.5977 -10.332 5
    endloop
  endfacet
  facet normal -0 0 -1
    outer loop
      vertex 111.082 -10.3398 5
      vertex -16.75 -28 5
      vertex 90.3555 -10.3398 5
    endloop
  endfacet
  facet normal 0 0 -1
    outer loop
      vertex 78.543 -8.55859 5
      vertex 82.4531 -9.78906 5
      vertex 82.4531 -9.96094 5
    endloop
  endfacet
  facet normal 0 0 -1
    outer loop
      vertex 82.5117 -9.62891 5
      vertex 78.7812 -8.14453 5
      vertex 80.9844 -4.03906 5
    endloop
  endfacet
  facet normal 0 0 -1
    outer loop
      vertex 78.0742 -9.23047 5
      vertex 82.4531 -9.96094 5
      vertex 82.5195 -10.1016 5
    endloop
  endfacet
  facet normal 0 0 -1
    outer loop
      vertex 77.5625 -9.73438 5
      vertex 82.5195 -10.1016 5
      vertex 82.6172 -10.2227 5
    endloop
  endfacet
  facet normal 0 0 -1
    outer loop
      vertex 76.9844 -10.082 5
      vertex 82.6172 -10.2227 5
      vertex 82.7539 -10.3047 5
    endloop
  endfacet
  facet normal 0 0 -1
    outer loop
      vertex 82.4531 -9.78906 5
      vertex 78.543 -8.55859 5
      vertex 78.7812 -8.14453 5
    endloop
  endfacet
  facet normal 0 0 -1
    outer loop
      vertex 82.4531 -9.96094 5
      vertex 78.3047 -8.91797 5
      vertex 78.543 -8.55859 5
    endloop
  endfacet
  facet normal 0 0 -1
    outer loop
      vertex 82.4531 -9.96094 5
      vertex 78.0742 -9.23047 5
      vertex 78.3047 -8.91797 5
    endloop
  endfacet
  facet normal 0 0 -1
    outer loop
      vertex 82.5195 -10.1016 5
      vertex 77.8203 -9.5 5
      vertex 78.0742 -9.23047 5
    endloop
  endfacet
  facet normal 0 0 -1
    outer loop
      vertex 76.3008 -10.2852 5
      vertex 82.7539 -10.3047 5
      vertex 82.9414 -10.3398 5
    endloop
  endfacet
  facet normal 0 0 -1
    outer loop
      vertex 82.5195 -10.1016 5
      vertex 77.5625 -9.73438 5
      vertex 77.8203 -9.5 5
    endloop
  endfacet
  facet normal -0 0 -1
    outer loop
      vertex 90.3555 -10.3398 5
      vertex -16.75 -28 5
      vertex 82.9414 -10.3398 5
    endloop
  endfacet
  facet normal 0 0 -1
    outer loop
      vertex 82.6172 -10.2227 5
      vertex 77.2812 -9.92578 5
      vertex 77.5625 -9.73438 5
    endloop
  endfacet
  facet normal 0 0 -1
    outer loop
      vertex 82.6172 -10.2227 5
      vertex 76.9844 -10.082 5
      vertex 77.2812 -9.92578 5
    endloop
  endfacet
  facet normal 0 0 -1
    outer loop
      vertex 82.7539 -10.3047 5
      vertex 76.6602 -10.1953 5
      vertex 76.9844 -10.082 5
    endloop
  endfacet
  facet normal 0 0 -1
    outer loop
      vertex 82.7539 -10.3047 5
      vertex 76.3008 -10.2852 5
      vertex 76.6602 -10.1953 5
    endloop
  endfacet
  facet normal -0 0 -1
    outer loop
      vertex 82.9414 -10.3398 5
      vertex 75.9023 -10.3516 5
      vertex 76.3008 -10.2852 5
    endloop
  endfacet
  facet normal 0 0 -1
    outer loop
      vertex 82.9414 -10.3398 5
      vertex 75.4805 -10.3828 5
      vertex 75.9023 -10.3516 5
    endloop
  endfacet
  facet normal 0 0 -1
    outer loop
      vertex 82.9414 -10.3398 5
      vertex -16.75 -28 5
      vertex 75.4805 -10.3828 5
    endloop
  endfacet
  facet normal 0 0 -1
    outer loop
      vertex 75.4805 -10.3828 5
      vertex -16.75 -28 5
      vertex 75 -10.3906 5
    endloop
  endfacet
  facet normal 0 0 -1
    outer loop
      vertex 60.875 -4.96484 5
      vertex 65.082 1.40234 5
      vertex 66.5273 -5.98047 5
    endloop
  endfacet
  facet normal 0 0 -1
    outer loop
      vertex 65.082 1.40234 5
      vertex 64.957 1.44922 5
      vertex 65.0625 1.46094 5
    endloop
  endfacet
  facet normal -0 0 -1
    outer loop
      vertex 65.0625 1.46094 5
      vertex 64.957 1.44922 5
      vertex 64.9883 1.48047 5
    endloop
  endfacet
  facet normal 0 0 -1
    outer loop
      vertex 60.875 -4.96484 5
      vertex 66.5273 -5.98047 5
      vertex 67.2891 -9.66797 5
    endloop
  endfacet
  facet normal -0 0 -1
    outer loop
      vertex 65.082 1.40234 5
      vertex 60.875 -4.96484 5
      vertex 64.957 1.44922 5
    endloop
  endfacet
  facet normal 0 0 -1
    outer loop
      vertex 58.8281 -8.16016 5
      vertex 67.2891 -9.66797 5
      vertex 67.3594 -9.92969 5
    endloop
  endfacet
  facet normal 0 0 -1
    outer loop
      vertex 58.0312 -9.22656 5
      vertex 67.3594 -9.92969 5
      vertex 67.4648 -10.1289 5
    endloop
  endfacet
  facet normal 0 0 -1
    outer loop
      vertex 57.4766 -9.72656 5
      vertex 67.4648 -10.1289 5
      vertex 67.6172 -10.2695 5
    endloop
  endfacet
  facet normal 0 0 -1
    outer loop
      vertex 67.2891 -9.66797 5
      vertex 58.8281 -8.16016 5
      vertex 60.875 -4.96484 5
    endloop
  endfacet
  facet normal 0 0 -1
    outer loop
      vertex 56.8711 -10.0742 5
      vertex 67.6172 -10.2695 5
      vertex 67.8047 -10.3516 5
    endloop
  endfacet
  facet normal 0 0 -1
    outer loop
      vertex 67.3594 -9.92969 5
      vertex 58.5508 -8.55859 5
      vertex 58.8281 -8.16016 5
    endloop
  endfacet
  facet normal 0 0 -1
    outer loop
      vertex 67.3594 -9.92969 5
      vertex 58.2852 -8.91016 5
      vertex 58.5508 -8.55859 5
    endloop
  endfacet
  facet normal 0 0 -1
    outer loop
      vertex 56.1602 -10.2891 5
      vertex 67.8047 -10.3516 5
      vertex 68.0391 -10.3906 5
    endloop
  endfacet
  facet normal 0 0 -1
    outer loop
      vertex 67.3594 -9.92969 5
      vertex 58.0312 -9.22656 5
      vertex 58.2852 -8.91016 5
    endloop
  endfacet
  facet normal 0 0 -1
    outer loop
      vertex 67.4648 -10.1289 5
      vertex 57.7578 -9.49609 5
      vertex 58.0312 -9.22656 5
    endloop
  endfacet
  facet normal -0 0 -1
    outer loop
      vertex 75 -10.3906 5
      vertex -16.75 -28 5
      vertex 68.0391 -10.3906 5
    endloop
  endfacet
  facet normal 0 0 -1
    outer loop
      vertex 67.4648 -10.1289 5
      vertex 57.4766 -9.72656 5
      vertex 57.7578 -9.49609 5
    endloop
  endfacet
  facet normal 0 0 -1
    outer loop
      vertex 67.6172 -10.2695 5
      vertex 57.1797 -9.91406 5
      vertex 57.4766 -9.72656 5
    endloop
  endfacet
  facet normal 0 0 -1
    outer loop
      vertex 67.6172 -10.2695 5
      vertex 56.8711 -10.0742 5
      vertex 57.1797 -9.91406 5
    endloop
  endfacet
  facet normal 0 0 -1
    outer loop
      vertex 67.8047 -10.3516 5
      vertex 56.5352 -10.1953 5
      vertex 56.8711 -10.0742 5
    endloop
  endfacet
  facet normal 0 0 -1
    outer loop
      vertex 67.8047 -10.3516 5
      vertex 56.1602 -10.2891 5
      vertex 56.5352 -10.1953 5
    endloop
  endfacet
  facet normal 0 0 -1
    outer loop
      vertex 68.0391 -10.3906 5
      vertex 55.7617 -10.3555 5
      vertex 56.1602 -10.2891 5
    endloop
  endfacet
  facet normal 0 -0 -1
    outer loop
      vertex 55.3164 -10.3906 5
      vertex 68.0391 -10.3906 5
      vertex -16.75 -28 5
    endloop
  endfacet
  facet normal 0 0 -1
    outer loop
      vertex 68.0391 -10.3906 5
      vertex 55.3164 -10.3906 5
      vertex 55.7617 -10.3555 5
    endloop
  endfacet
  facet normal 0 0 -1
    outer loop
      vertex 55.3164 -10.3906 5
      vertex -16.75 -28 5
      vertex 54.8359 -10.3984 5
    endloop
  endfacet
  facet normal -0 0 -1
    outer loop
      vertex 54.8359 -10.3984 5
      vertex -16.75 -28 5
      vertex 48.0156 -10.3984 5
    endloop
  endfacet
  facet normal 0 0 -1
    outer loop
      vertex 4.2322 1.37512 5
      vertex 45.3945 7.76172 5
      vertex 4.39521 0.696133 5
    endloop
  endfacet
  facet normal -0 0 -1
    outer loop
      vertex 45.5586 5.83203 5
      vertex 4.39521 0.696133 5
      vertex 45.3945 7.76172 5
    endloop
  endfacet
  facet normal 0 0 -1
    outer loop
      vertex 4.39521 0.696133 5
      vertex 45.5586 5.83203 5
      vertex 4.45 0 5
    endloop
  endfacet
  facet normal -0 0 -1
    outer loop
      vertex 45.9102 1.96875 5
      vertex 4.45 0 5
      vertex 45.5586 5.83203 5
    endloop
  endfacet
  facet normal 0 0 -1
    outer loop
      vertex 4.39521 -0.696133 5
      vertex 45.9102 1.96875 5
      vertex 46.6445 -5.74219 5
    endloop
  endfacet
  facet normal 0 0 -1
    outer loop
      vertex 4.2322 -1.37512 5
      vertex 46.6445 -5.74219 5
      vertex 47.0625 -9.59375 5
    endloop
  endfacet
  facet normal 0 0 -1
    outer loop
      vertex 3.96498 -2.02026 5
      vertex 47.0625 -9.59375 5
      vertex 47.1133 -9.85938 5
    endloop
  endfacet
  facet normal 0 0 -1
    outer loop
      vertex 3.14662 -3.14662 5
      vertex 47.1133 -9.85938 5
      vertex 47.207 -10.0703 5
    endloop
  endfacet
  facet normal 0 0 -1
    outer loop
      vertex 2.61564 -3.60013 5
      vertex 47.207 -10.0703 5
      vertex 47.3438 -10.2227 5
    endloop
  endfacet
  facet normal 0 0 -1
    outer loop
      vertex -16.75 -28 5
      vertex 47.3438 -10.2227 5
      vertex 47.5195 -10.3281 5
    endloop
  endfacet
  facet normal 0 0 -1
    outer loop
      vertex -16.75 -28 5
      vertex 47.5195 -10.3281 5
      vertex 47.7539 -10.3906 5
    endloop
  endfacet
  facet normal 0 0 -1
    outer loop
      vertex 45.9102 1.96875 5
      vertex 4.39521 -0.696133 5
      vertex 4.45 0 5
    endloop
  endfacet
  facet normal 0 0 -1
    outer loop
      vertex 46.6445 -5.74219 5
      vertex 4.2322 -1.37512 5
      vertex 4.39521 -0.696133 5
    endloop
  endfacet
  facet normal 0 0 -1
    outer loop
      vertex 47.0625 -9.59375 5
      vertex 3.96498 -2.02026 5
      vertex 4.2322 -1.37512 5
    endloop
  endfacet
  facet normal 0 0 -1
    outer loop
      vertex 47.1133 -9.85938 5
      vertex 3.60013 -2.61564 5
      vertex 3.96498 -2.02026 5
    endloop
  endfacet
  facet normal 0 0 -1
    outer loop
      vertex 47.1133 -9.85938 5
      vertex 3.14662 -3.14662 5
      vertex 3.60013 -2.61564 5
    endloop
  endfacet
  facet normal 0 0 -1
    outer loop
      vertex 47.207 -10.0703 5
      vertex 2.61564 -3.60013 5
      vertex 3.14662 -3.14662 5
    endloop
  endfacet
  facet normal 0 0 -1
    outer loop
      vertex 47.3438 -10.2227 5
      vertex 2.02026 -3.96498 5
      vertex 2.61564 -3.60013 5
    endloop
  endfacet
  facet normal -0 0 -1
    outer loop
      vertex 47.3438 -10.2227 5
      vertex -16.75 -28 5
      vertex 2.02026 -3.96498 5
    endloop
  endfacet
  facet normal 0 0 -1
    outer loop
      vertex 2.02026 -3.96498 5
      vertex -16.75 -28 5
      vertex 1.37512 -4.2322 5
    endloop
  endfacet
  facet normal 0 0 -1
    outer loop
      vertex 1.37512 -4.2322 5
      vertex -16.75 -28 5
      vertex 0.696133 -4.39521 5
    endloop
  endfacet
  facet normal 0 0 -1
    outer loop
      vertex 0.696133 -4.39521 5
      vertex -16.75 -28 5
      vertex 0 -4.45 5
    endloop
  endfacet
  facet normal -0 0 -1
    outer loop
      vertex -4.2322 -1.37512 5
      vertex -19.75 -25 5
      vertex -4.39521 -0.696133 5
    endloop
  endfacet
  facet normal -0 0 -1
    outer loop
      vertex -3.96498 -2.02026 5
      vertex -19.75 -25 5
      vertex -4.2322 -1.37512 5
    endloop
  endfacet
  facet normal -0 0 -1
    outer loop
      vertex -3.60013 -2.61564 5
      vertex -19.75 -25 5
      vertex -3.96498 -2.02026 5
    endloop
  endfacet
  facet normal -0 0 -1
    outer loop
      vertex -3.14662 -3.14662 5
      vertex -19.75 -25 5
      vertex -3.60013 -2.61564 5
    endloop
  endfacet
  facet normal -0 0 -1
    outer loop
      vertex -2.61564 -3.60013 5
      vertex -19.75 -25 5
      vertex -3.14662 -3.14662 5
    endloop
  endfacet
  facet normal -0 0 -1
    outer loop
      vertex -2.02026 -3.96498 5
      vertex -19.75 -25 5
      vertex -2.61564 -3.60013 5
    endloop
  endfacet
  facet normal 0 0 -1
    outer loop
      vertex -19.75 -25 5
      vertex -2.02026 -3.96498 5
      vertex -16.75 -28 5
    endloop
  endfacet
  facet normal -0 0 -1
    outer loop
      vertex -1.37512 -4.2322 5
      vertex -16.75 -28 5
      vertex -2.02026 -3.96498 5
    endloop
  endfacet
  facet normal -0 0 -1
    outer loop
      vertex -0.696133 -4.39521 5
      vertex -16.75 -28 5
      vertex -1.37512 -4.2322 5
    endloop
  endfacet
  facet normal -0 0 -1
    outer loop
      vertex 0 -4.45 5
      vertex -16.75 -28 5
      vertex -0.696133 -4.39521 5
    endloop
  endfacet
  facet normal -0 0 -1
    outer loop
      vertex 48.0156 -10.3984 5
      vertex -16.75 -28 5
      vertex 47.7539 -10.3906 5
    endloop
  endfacet
  facet normal 0 0 -1
    outer loop
      vertex 229.677 26.7634 5
      vertex 227.25 28 5
      vertex 229.371 27.1213 5
    endloop
  endfacet
  facet normal 0 0 -1
    outer loop
      vertex 229.371 27.1213 5
      vertex 227.25 28 5
      vertex 229.013 27.4271 5
    endloop
  endfacet
  facet normal 0 0 -1
    outer loop
      vertex 229.013 27.4271 5
      vertex 227.25 28 5
      vertex 228.612 27.673 5
    endloop
  endfacet
  facet normal 0 0 -1
    outer loop
      vertex 228.177 27.8532 5
      vertex 227.25 28 5
      vertex 227.719 27.9631 5
    endloop
  endfacet
  facet normal 0 0 -1
    outer loop
      vertex 228.612 27.673 5
      vertex 227.25 28 5
      vertex 228.177 27.8532 5
    endloop
  endfacet
  facet normal 0 0 -1
    outer loop
      vertex 229.923 26.362 5
      vertex 227.25 28 5
      vertex 229.677 26.7634 5
    endloop
  endfacet
  facet normal 0 0 -1
    outer loop
      vertex 230.25 25 5
      vertex 227.25 28 5
      vertex 230.213 25.4693 5
    endloop
  endfacet
  facet normal 0 0 -1
    outer loop
      vertex 211.875 4.2322 5
      vertex 227.25 28 5
      vertex 212.52 3.96498 5
    endloop
  endfacet
  facet normal 0 0 -1
    outer loop
      vertex 211.196 4.39521 5
      vertex 227.25 28 5
      vertex 211.875 4.2322 5
    endloop
  endfacet
  facet normal 0 0 -1
    outer loop
      vertex 210.5 4.45 5
      vertex 227.25 28 5
      vertex 211.196 4.39521 5
    endloop
  endfacet
  facet normal 0 0 -1
    outer loop
      vertex 209.804 4.39521 5
      vertex 227.25 28 5
      vertex 210.5 4.45 5
    endloop
  endfacet
  facet normal 0 0 -1
    outer loop
      vertex 209.125 4.2322 5
      vertex 227.25 28 5
      vertex 209.804 4.39521 5
    endloop
  endfacet
  facet normal 0 0 -1
    outer loop
      vertex 208.48 3.96498 5
      vertex 227.25 28 5
      vertex 209.125 4.2322 5
    endloop
  endfacet
  facet normal 0 0 -1
    outer loop
      vertex 165.105 10.3477 5
      vertex 208.48 3.96498 5
      vertex 207.884 3.60013 5
    endloop
  endfacet
  facet normal 0 0 -1
    outer loop
      vertex 165.168 10.2539 5
      vertex 207.884 3.60013 5
      vertex 207.353 3.14662 5
    endloop
  endfacet
  facet normal 0 0 -1
    outer loop
      vertex 165.168 10.2539 5
      vertex 207.353 3.14662 5
      vertex 206.9 2.61564 5
    endloop
  endfacet
  facet normal 0 0 -1
    outer loop
      vertex 165.207 10.0547 5
      vertex 206.105 0.696133 5
      vertex 206.05 0 5
    endloop
  endfacet
  facet normal 0 0 -1
    outer loop
      vertex 165.207 10.0547 5
      vertex 206.268 1.37512 5
      vertex 206.105 0.696133 5
    endloop
  endfacet
  facet normal 0 0 -1
    outer loop
      vertex 165.207 10.0547 5
      vertex 206.535 2.02026 5
      vertex 206.268 1.37512 5
    endloop
  endfacet
  facet normal 0 0 -1
    outer loop
      vertex 165.195 10.1602 5
      vertex 206.535 2.02026 5
      vertex 165.207 10.0547 5
    endloop
  endfacet
  facet normal 0 0 -1
    outer loop
      vertex 206.535 2.02026 5
      vertex 165.195 10.1602 5
      vertex 206.9 2.61564 5
    endloop
  endfacet
  facet normal 0 0 -1
    outer loop
      vertex 165.168 10.2539 5
      vertex 206.9 2.61564 5
      vertex 165.195 10.1602 5
    endloop
  endfacet
  facet normal 0 0 -1
    outer loop
      vertex 207.884 3.60013 5
      vertex 165.168 10.2539 5
      vertex 165.105 10.3477 5
    endloop
  endfacet
  facet normal 0 0 -1
    outer loop
      vertex 208.48 3.96498 5
      vertex 165.105 10.3477 5
      vertex 227.25 28 5
    endloop
  endfacet
  facet normal 0 0 -1
    outer loop
      vertex 165.023 10.4258 5
      vertex 227.25 28 5
      vertex 165.105 10.3477 5
    endloop
  endfacet
  facet normal 0 0 -1
    outer loop
      vertex 164.926 10.4805 5
      vertex 227.25 28 5
      vertex 165.023 10.4258 5
    endloop
  endfacet
  facet normal 0 0 -1
    outer loop
      vertex 164.797 10.5195 5
      vertex 227.25 28 5
      vertex 164.926 10.4805 5
    endloop
  endfacet
  facet normal 0 0 -1
    outer loop
      vertex 164.645 10.5352 5
      vertex 227.25 28 5
      vertex 164.797 10.5195 5
    endloop
  endfacet
  facet normal 0 0 -1
    outer loop
      vertex 154.297 10.5391 5
      vertex 227.25 28 5
      vertex 164.645 10.5352 5
    endloop
  endfacet
  facet normal 0 0 -1
    outer loop
      vertex 137.137 10.5469 5
      vertex 154.297 10.5391 5
      vertex 154.082 10.5234 5
    endloop
  endfacet
  facet normal 0 0 -1
    outer loop
      vertex 137.375 10.5312 5
      vertex 154.082 10.5234 5
      vertex 153.879 10.4844 5
    endloop
  endfacet
  facet normal 0 0 -1
    outer loop
      vertex 141.797 6.70312 5
      vertex 143.57 5.03906 5
      vertex 143.543 5.05078 5
    endloop
  endfacet
  facet normal 0 0 -1
    outer loop
      vertex 143.57 5.03906 5
      vertex 141.797 6.70312 5
      vertex 149.914 8.45703 5
    endloop
  endfacet
  facet normal 0 0 -1
    outer loop
      vertex 138.285 9.99609 5
      vertex 149.914 8.45703 5
      vertex 141.797 6.70312 5
    endloop
  endfacet
  facet normal 0 0 -1
    outer loop
      vertex 137.941 10.2812 5
      vertex 149.914 8.45703 5
      vertex 138.285 9.99609 5
    endloop
  endfacet
  facet normal 0 0 -1
    outer loop
      vertex 149.914 8.45703 5
      vertex 137.941 10.2812 5
      vertex 153.09 10.1562 5
    endloop
  endfacet
  facet normal 0 0 -1
    outer loop
      vertex 137.766 10.3906 5
      vertex 153.09 10.1562 5
      vertex 137.941 10.2812 5
    endloop
  endfacet
  facet normal 0 0 -1
    outer loop
      vertex 153.09 10.1562 5
      vertex 137.766 10.3906 5
      vertex 153.48 10.3477 5
    endloop
  endfacet
  facet normal 0 0 -1
    outer loop
      vertex 137.578 10.4727 5
      vertex 153.48 10.3477 5
      vertex 137.766 10.3906 5
    endloop
  endfacet
  facet normal 0 0 -1
    outer loop
      vertex 153.48 10.3477 5
      vertex 137.578 10.4727 5
      vertex 153.879 10.4844 5
    endloop
  endfacet
  facet normal 0 0 -1
    outer loop
      vertex 137.375 10.5312 5
      vertex 153.879 10.4844 5
      vertex 137.578 10.4727 5
    endloop
  endfacet
  facet normal 0 0 -1
    outer loop
      vertex 154.082 10.5234 5
      vertex 137.375 10.5312 5
      vertex 137.137 10.5469 5
    endloop
  endfacet
  facet normal 0 0 -1
    outer loop
      vertex 154.297 10.5391 5
      vertex 137.137 10.5469 5
      vertex 227.25 28 5
    endloop
  endfacet
  facet normal 0 0 -1
    outer loop
      vertex 128.5 10.5469 5
      vertex 227.25 28 5
      vertex 137.137 10.5469 5
    endloop
  endfacet
  facet normal 0 0 -1
    outer loop
      vertex 118.574 10.5195 5
      vertex 128.5 10.5469 5
      vertex 128.352 10.5391 5
    endloop
  endfacet
  facet normal -0 0 -1
    outer loop
      vertex 128.215 9.59766 5
      vertex 123.535 7.45312 5
      vertex 128.125 9.70312 5
    endloop
  endfacet
  facet normal -0 0 -1
    outer loop
      vertex 128.125 9.70312 5
      vertex 123.535 7.45312 5
      vertex 128.047 9.80859 5
    endloop
  endfacet
  facet normal 0 0 -1
    outer loop
      vertex 123.449 7.73438 5
      vertex 128.047 9.80859 5
      vertex 123.535 7.45312 5
    endloop
  endfacet
  facet normal 0 0 -1
    outer loop
      vertex 123.34 8.01172 5
      vertex 128.047 9.80859 5
      vertex 123.449 7.73438 5
    endloop
  endfacet
  facet normal -0 0 -1
    outer loop
      vertex 128.047 9.80859 5
      vertex 123.34 8.01172 5
      vertex 127.965 10.0234 5
    endloop
  endfacet
  facet normal 0 0 -1
    outer loop
      vertex 123.215 8.26953 5
      vertex 127.965 10.0234 5
      vertex 123.34 8.01172 5
    endloop
  endfacet
  facet normal 0 0 -1
    outer loop
      vertex 123.066 8.51953 5
      vertex 127.965 10.0234 5
      vertex 123.215 8.26953 5
    endloop
  endfacet
  facet normal -0 0 -1
    outer loop
      vertex 127.965 10.0234 5
      vertex 123.066 8.51953 5
      vertex 127.953 10.1289 5
    endloop
  endfacet
  facet normal 0 0 -1
    outer loop
      vertex 122.898 8.75 5
      vertex 127.953 10.1289 5
      vertex 123.066 8.51953 5
    endloop
  endfacet
  facet normal -0 0 -1
    outer loop
      vertex 127.953 10.1289 5
      vertex 122.898 8.75 5
      vertex 127.973 10.2227 5
    endloop
  endfacet
  facet normal 0 0 -1
    outer loop
      vertex 122.504 9.16797 5
      vertex 127.973 10.2227 5
      vertex 122.898 8.75 5
    endloop
  endfacet
  facet normal -0 0 -1
    outer loop
      vertex 127.973 10.2227 5
      vertex 122.504 9.16797 5
      vertex 128.004 10.3164 5
    endloop
  endfacet
  facet normal 0 0 -1
    outer loop
      vertex 122.289 9.35547 5
      vertex 128.004 10.3164 5
      vertex 122.504 9.16797 5
    endloop
  endfacet
  facet normal 0 0 -1
    outer loop
      vertex 122.047 9.52734 5
      vertex 128.004 10.3164 5
      vertex 122.289 9.35547 5
    endloop
  endfacet
  facet normal -0 0 -1
    outer loop
      vertex 128.004 10.3164 5
      vertex 122.047 9.52734 5
      vertex 128.059 10.3867 5
    endloop
  endfacet
  facet normal 0 0 -1
    outer loop
      vertex 121.543 9.82422 5
      vertex 128.059 10.3867 5
      vertex 122.047 9.52734 5
    endloop
  endfacet
  facet normal -0 0 -1
    outer loop
      vertex 128.059 10.3867 5
      vertex 121.543 9.82422 5
      vertex 128.137 10.457 5
    endloop
  endfacet
  facet normal 0 0 -1
    outer loop
      vertex 120.98 10.0625 5
      vertex 128.137 10.457 5
      vertex 121.543 9.82422 5
    endloop
  endfacet
  facet normal -0 0 -1
    outer loop
      vertex 128.137 10.457 5
      vertex 120.98 10.0625 5
      vertex 128.23 10.5078 5
    endloop
  endfacet
  facet normal 0 0 -1
    outer loop
      vertex 120.402 10.25 5
      vertex 128.23 10.5078 5
      vertex 120.98 10.0625 5
    endloop
  endfacet
  facet normal -0 0 -1
    outer loop
      vertex 128.23 10.5078 5
      vertex 120.402 10.25 5
      vertex 128.352 10.5391 5
    endloop
  endfacet
  facet normal 0 0 -1
    outer loop
      vertex 119.797 10.375 5
      vertex 128.352 10.5391 5
      vertex 120.402 10.25 5
    endloop
  endfacet
  facet normal 0 0 -1
    outer loop
      vertex 119.191 10.4688 5
      vertex 128.352 10.5391 5
      vertex 119.797 10.375 5
    endloop
  endfacet
  facet normal 0 0 -1
    outer loop
      vertex 118.574 10.5195 5
      vertex 128.352 10.5391 5
      vertex 119.191 10.4688 5
    endloop
  endfacet
  facet normal 0 0 -1
    outer loop
      vertex 128.5 10.5469 5
      vertex 118.574 10.5195 5
      vertex 117.973 10.5391 5
    endloop
  endfacet
  facet normal -0 0 -1
    outer loop
      vertex 128.5 10.5469 5
      vertex 117.973 10.5391 5
      vertex 227.25 28 5
    endloop
  endfacet
  facet normal 0 0 -1
    outer loop
      vertex 116.797 10.5469 5
      vertex 227.25 28 5
      vertex 117.973 10.5391 5
    endloop
  endfacet
  facet normal 0 0 -1
    outer loop
      vertex 94.7109 10.5508 5
      vertex 227.25 28 5
      vertex 116.797 10.5469 5
    endloop
  endfacet
  facet normal 0 0 -1
    outer loop
      vertex 87.75 10.6016 5
      vertex 94.7109 10.5508 5
      vertex 94.3789 10.5391 5
    endloop
  endfacet
  facet normal 0 0 -1
    outer loop
      vertex 86.4531 6.35156 5
      vertex 92.043 8.76562 5
      vertex 88.7812 2.60156 5
    endloop
  endfacet
  facet normal 0 0 -1
    outer loop
      vertex 88.2891 10.1367 5
      vertex 92.3633 9.30078 5
      vertex 92.043 8.76562 5
    endloop
  endfacet
  facet normal 0 0 -1
    outer loop
      vertex 88.25 10.3203 5
      vertex 92.3633 9.30078 5
      vertex 88.2891 10.1367 5
    endloop
  endfacet
  facet normal 0 0 -1
    outer loop
      vertex 92.3633 9.30078 5
      vertex 88.25 10.3203 5
      vertex 92.5312 9.53906 5
    endloop
  endfacet
  facet normal 0 0 -1
    outer loop
      vertex 92.5312 9.53906 5
      vertex 88.25 10.3203 5
      vertex 92.7031 9.74609 5
    endloop
  endfacet
  facet normal 0 0 -1
    outer loop
      vertex 92.7031 9.74609 5
      vertex 88.25 10.3203 5
      vertex 92.8984 9.93359 5
    endloop
  endfacet
  facet normal 0 0 -1
    outer loop
      vertex 88.1523 10.4688 5
      vertex 92.8984 9.93359 5
      vertex 88.25 10.3203 5
    endloop
  endfacet
  facet normal 0 0 -1
    outer loop
      vertex 92.8984 9.93359 5
      vertex 88.1523 10.4688 5
      vertex 93.1016 10.0938 5
    endloop
  endfacet
  facet normal 0 0 -1
    outer loop
      vertex 93.1016 10.0938 5
      vertex 88.1523 10.4688 5
      vertex 93.3164 10.2305 5
    endloop
  endfacet
  facet normal 0 0 -1
    outer loop
      vertex 88.0742 10.5234 5
      vertex 93.3164 10.2305 5
      vertex 88.1523 10.4688 5
    endloop
  endfacet
  facet normal 0 0 -1
    outer loop
      vertex 93.3164 10.2305 5
      vertex 88.0742 10.5234 5
      vertex 93.5547 10.3477 5
    endloop
  endfacet
  facet normal 0 0 -1
    outer loop
      vertex 87.9922 10.5625 5
      vertex 93.5547 10.3477 5
      vertex 88.0742 10.5234 5
    endloop
  endfacet
  facet normal 0 0 -1
    outer loop
      vertex 93.5547 10.3477 5
      vertex 87.9922 10.5625 5
      vertex 93.8008 10.4375 5
    endloop
  endfacet
  facet normal 0 0 -1
    outer loop
      vertex 93.8008 10.4375 5
      vertex 87.9922 10.5625 5
      vertex 94.082 10.4961 5
    endloop
  endfacet
  facet normal 0 0 -1
    outer loop
      vertex 94.082 10.4961 5
      vertex 87.9922 10.5625 5
      vertex 94.3789 10.5391 5
    endloop
  endfacet
  facet normal 0 0 -1
    outer loop
      vertex 87.75 10.6016 5
      vertex 94.3789 10.5391 5
      vertex 87.9922 10.5625 5
    endloop
  endfacet
  facet normal 0 0 -1
    outer loop
      vertex 94.7109 10.5508 5
      vertex 87.75 10.6016 5
      vertex -16.75 28 5
    endloop
  endfacet
  facet normal 0 0 -1
    outer loop
      vertex -16.75 28 5
      vertex 87.75 10.6016 5
      vertex 80.7695 10.5977 5
    endloop
  endfacet
  facet normal 0 0 -1
    outer loop
      vertex 72.9805 -2.03906 5
      vertex 73.1211 -2.02344 5
      vertex 73.0586 -2.09375 5
    endloop
  endfacet
  facet normal 0 0 -1
    outer loop
      vertex 72.9805 -2.03906 5
      vertex 73.0586 -2.09375 5
      vertex 73 -2.09766 5
    endloop
  endfacet
  facet normal 0 0 -1
    outer loop
      vertex 72.1758 1.89844 5
      vertex 73.1211 -2.02344 5
      vertex 72.9805 -2.03906 5
    endloop
  endfacet
  facet normal 0 0 -1
    outer loop
      vertex 73.1211 -2.02344 5
      vertex 72.1758 1.89844 5
      vertex 75.3359 1.95312 5
    endloop
  endfacet
  facet normal 0 0 -1
    outer loop
      vertex 71.3555 5.83203 5
      vertex 75.3359 1.95312 5
      vertex 72.1758 1.89844 5
    endloop
  endfacet
  facet normal 0 0 -1
    outer loop
      vertex 75.3359 1.95312 5
      vertex 71.3555 5.83203 5
      vertex 77.5781 5.92188 5
    endloop
  endfacet
  facet normal 0 0 -1
    outer loop
      vertex 70.5 9.75781 5
      vertex 77.5781 5.92188 5
      vertex 71.3555 5.83203 5
    endloop
  endfacet
  facet normal 0 0 -1
    outer loop
      vertex 77.5781 5.92188 5
      vertex 70.5 9.75781 5
      vertex 79.8516 9.85547 5
    endloop
  endfacet
  facet normal 0 0 -1
    outer loop
      vertex 70.4453 9.97266 5
      vertex 79.8516 9.85547 5
      vertex 70.5 9.75781 5
    endloop
  endfacet
  facet normal 0 0 -1
    outer loop
      vertex 70.3789 10.1758 5
      vertex 79.8516 9.85547 5
      vertex 70.4453 9.97266 5
    endloop
  endfacet
  facet normal 0 0 -1
    outer loop
      vertex 79.8516 9.85547 5
      vertex 70.3789 10.1758 5
      vertex 80.0703 10.2227 5
    endloop
  endfacet
  facet normal 0 0 -1
    outer loop
      vertex 70.2734 10.3438 5
      vertex 80.0703 10.2227 5
      vertex 70.3789 10.1758 5
    endloop
  endfacet
  facet normal 0 0 -1
    outer loop
      vertex 80.0703 10.2227 5
      vertex 70.2734 10.3438 5
      vertex 80.1953 10.375 5
    endloop
  endfacet
  facet normal 0 0 -1
    outer loop
      vertex 70.1328 10.4805 5
      vertex 80.1953 10.375 5
      vertex 70.2734 10.3438 5
    endloop
  endfacet
  facet normal 0 0 -1
    outer loop
      vertex 80.1953 10.375 5
      vertex 70.1328 10.4805 5
      vertex 80.3555 10.4961 5
    endloop
  endfacet
  facet normal 0 0 -1
    outer loop
      vertex 69.9453 10.5625 5
      vertex 80.3555 10.4961 5
      vertex 70.1328 10.4805 5
    endloop
  endfacet
  facet normal 0 0 -1
    outer loop
      vertex 80.3555 10.4961 5
      vertex 69.9453 10.5625 5
      vertex 80.5508 10.5664 5
    endloop
  endfacet
  facet normal -0 0 -1
    outer loop
      vertex 80.5508 10.5664 5
      vertex 69.9453 10.5625 5
      vertex 80.7695 10.5977 5
    endloop
  endfacet
  facet normal 0 0 -1
    outer loop
      vertex 69.707 10.5977 5
      vertex 80.7695 10.5977 5
      vertex 69.9453 10.5625 5
    endloop
  endfacet
  facet normal 0 0 -1
    outer loop
      vertex -16.75 28 5
      vertex 80.7695 10.5977 5
      vertex 69.707 10.5977 5
    endloop
  endfacet
  facet normal 0 0 -1
    outer loop
      vertex -16.75 28 5
      vertex 69.707 10.5977 5
      vertex 64.5938 10.5977 5
    endloop
  endfacet
  facet normal 0 0 -1
    outer loop
      vertex 52.1289 10.5898 5
      vertex 64.5938 10.5977 5
      vertex 64.25 10.5742 5
    endloop
  endfacet
  facet normal 0 0 -1
    outer loop
      vertex 54.3242 -1.89062 5
      vertex 54.5156 -1.9375 5
      vertex 54.4648 -1.99219 5
    endloop
  endfacet
  facet normal 0 0 -1
    outer loop
      vertex 54.3633 -1.99219 5
      vertex 54.4648 -1.99219 5
      vertex 54.418 -2.02344 5
    endloop
  endfacet
  facet normal 0 0 -1
    outer loop
      vertex 54.3633 -1.99219 5
      vertex 54.418 -2.02344 5
      vertex 54.3828 -2.01562 5
    endloop
  endfacet
  facet normal 0 0 -1
    outer loop
      vertex 53.3867 5.85938 5
      vertex 54.5156 -1.9375 5
      vertex 54.3242 -1.89062 5
    endloop
  endfacet
  facet normal 0 0 -1
    outer loop
      vertex 54.4648 -1.99219 5
      vertex 54.3633 -1.99219 5
      vertex 54.3242 -1.89062 5
    endloop
  endfacet
  facet normal 0 0 -1
    outer loop
      vertex 54.5156 -1.9375 5
      vertex 53.3867 5.85938 5
      vertex 59.25 5.24219 5
    endloop
  endfacet
  facet normal 0 0 -1
    outer loop
      vertex 52.8828 9.73047 5
      vertex 59.25 5.24219 5
      vertex 53.3867 5.85938 5
    endloop
  endfacet
  facet normal 0 0 -1
    outer loop
      vertex 59.25 5.24219 5
      vertex 52.8828 9.73047 5
      vertex 61.6445 8.82031 5
    endloop
  endfacet
  facet normal 0 0 -1
    outer loop
      vertex 52.8477 9.94922 5
      vertex 61.6445 8.82031 5
      vertex 52.8828 9.73047 5
    endloop
  endfacet
  facet normal 0 0 -1
    outer loop
      vertex 52.7852 10.1562 5
      vertex 61.6445 8.82031 5
      vertex 52.8477 9.94922 5
    endloop
  endfacet
  facet normal 0 0 -1
    outer loop
      vertex 61.6445 8.82031 5
      vertex 52.7852 10.1562 5
      vertex 62.0273 9.34375 5
    endloop
  endfacet
  facet normal 0 0 -1
    outer loop
      vertex 52.6875 10.3242 5
      vertex 62.0273 9.34375 5
      vertex 52.7852 10.1562 5
    endloop
  endfacet
  facet normal 0 0 -1
    outer loop
      vertex 62.0273 9.34375 5
      vertex 52.6875 10.3242 5
      vertex 62.2266 9.56641 5
    endloop
  endfacet
  facet normal 0 0 -1
    outer loop
      vertex 62.2266 9.56641 5
      vertex 52.6875 10.3242 5
      vertex 62.4375 9.78125 5
    endloop
  endfacet
  facet normal 0 0 -1
    outer loop
      vertex 52.5586 10.4688 5
      vertex 62.4375 9.78125 5
      vertex 52.6875 10.3242 5
    endloop
  endfacet
  facet normal 0 0 -1
    outer loop
      vertex 62.4375 9.78125 5
      vertex 52.5586 10.4688 5
      vertex 62.6406 9.96094 5
    endloop
  endfacet
  facet normal 0 0 -1
    outer loop
      vertex 62.6406 9.96094 5
      vertex 52.5586 10.4688 5
      vertex 62.8711 10.1328 5
    endloop
  endfacet
  facet normal 0 0 -1
    outer loop
      vertex 62.8711 10.1328 5
      vertex 52.5586 10.4688 5
      vertex 63.1133 10.2695 5
    endloop
  endfacet
  facet normal 0 0 -1
    outer loop
      vertex 63.1133 10.2695 5
      vertex 52.5586 10.4688 5
      vertex 63.3555 10.3867 5
    endloop
  endfacet
  facet normal 0 0 -1
    outer loop
      vertex 52.3711 10.5586 5
      vertex 63.3555 10.3867 5
      vertex 52.5586 10.4688 5
    endloop
  endfacet
  facet normal 0 0 -1
    outer loop
      vertex 63.3555 10.3867 5
      vertex 52.3711 10.5586 5
      vertex 63.6445 10.4805 5
    endloop
  endfacet
  facet normal 0 0 -1
    outer loop
      vertex 63.6445 10.4805 5
      vertex 52.3711 10.5586 5
      vertex 63.9375 10.5391 5
    endloop
  endfacet
  facet normal 0 0 -1
    outer loop
      vertex 52.1289 10.5898 5
      vertex 63.9375 10.5391 5
      vertex 52.3711 10.5586 5
    endloop
  endfacet
  facet normal 0 0 -1
    outer loop
      vertex 63.9375 10.5391 5
      vertex 52.1289 10.5898 5
      vertex 64.25 10.5742 5
    endloop
  endfacet
  facet normal -0 0 -1
    outer loop
      vertex 64.5938 10.5977 5
      vertex 52.1289 10.5898 5
      vertex -16.75 28 5
    endloop
  endfacet
  facet normal 0 0 -1
    outer loop
      vertex -16.75 28 5
      vertex 52.1289 10.5898 5
      vertex 45.9102 10.5898 5
    endloop
  endfacet
  facet normal -0 0 -1
    outer loop
      vertex 45.3945 7.76172 5
      vertex 4.2322 1.37512 5
      vertex 45.25 9.69922 5
    endloop
  endfacet
  facet normal -0 0 -1
    outer loop
      vertex 45.25 9.69922 5
      vertex 4.2322 1.37512 5
      vertex 45.25 9.93359 5
    endloop
  endfacet
  facet normal 0 0 -1
    outer loop
      vertex 3.96498 2.02026 5
      vertex 45.25 9.93359 5
      vertex 4.2322 1.37512 5
    endloop
  endfacet
  facet normal -0 0 -1
    outer loop
      vertex 45.25 9.93359 5
      vertex 3.96498 2.02026 5
      vertex 45.2812 10.1367 5
    endloop
  endfacet
  facet normal 0 0 -1
    outer loop
      vertex 3.60013 2.61564 5
      vertex 45.2812 10.1367 5
      vertex 3.96498 2.02026 5
    endloop
  endfacet
  facet normal 0 0 -1
    outer loop
      vertex 3.14662 3.14662 5
      vertex 45.2812 10.1367 5
      vertex 3.60013 2.61564 5
    endloop
  endfacet
  facet normal -0 0 -1
    outer loop
      vertex 45.2812 10.1367 5
      vertex 3.14662 3.14662 5
      vertex 45.3594 10.3242 5
    endloop
  endfacet
  facet normal 0 0 -1
    outer loop
      vertex 2.61564 3.60013 5
      vertex 45.3594 10.3242 5
      vertex 3.14662 3.14662 5
    endloop
  endfacet
  facet normal 0 0 -1
    outer loop
      vertex 2.02026 3.96498 5
      vertex 45.3594 10.3242 5
      vertex 2.61564 3.60013 5
    endloop
  endfacet
  facet normal -0 0 -1
    outer loop
      vertex 45.3594 10.3242 5
      vertex 2.02026 3.96498 5
      vertex 45.4922 10.4688 5
    endloop
  endfacet
  facet normal 0 0 -1
    outer loop
      vertex -16.75 28 5
      vertex 45.4922 10.4688 5
      vertex 2.02026 3.96498 5
    endloop
  endfacet
  facet normal 0 0 -1
    outer loop
      vertex 45.4922 10.4688 5
      vertex -16.75 28 5
      vertex 45.6758 10.5508 5
    endloop
  endfacet
  facet normal 0 0 -1
    outer loop
      vertex -16.75 28 5
      vertex 2.02026 3.96498 5
      vertex 1.37512 4.2322 5
    endloop
  endfacet
  facet normal 0 0 -1
    outer loop
      vertex -16.75 28 5
      vertex 1.37512 4.2322 5
      vertex 0.696133 4.39521 5
    endloop
  endfacet
  facet normal 0 0 -1
    outer loop
      vertex -16.75 28 5
      vertex 0.696133 4.39521 5
      vertex 0 4.45 5
    endloop
  endfacet
  facet normal 0 0 -1
    outer loop
      vertex -16.75 28 5
      vertex 0 4.45 5
      vertex -0.696133 4.39521 5
    endloop
  endfacet
  facet normal -0 0 -1
    outer loop
      vertex -4.39521 -0.696133 5
      vertex -19.75 -25 5
      vertex -4.45 0 5
    endloop
  endfacet
  facet normal 0 0 -1
    outer loop
      vertex -19.75 25 5
      vertex -4.45 0 5
      vertex -19.75 -25 5
    endloop
  endfacet
  facet normal 0 0 -1
    outer loop
      vertex -4.45 0 5
      vertex -19.75 25 5
      vertex -4.39521 0.696133 5
    endloop
  endfacet
  facet normal 0 0 -1
    outer loop
      vertex 94.7109 10.5508 5
      vertex -16.75 28 5
      vertex 227.25 28 5
    endloop
  endfacet
  facet normal 0 0 -1
    outer loop
      vertex 45.6758 10.5508 5
      vertex -16.75 28 5
      vertex 45.9102 10.5898 5
    endloop
  endfacet
  facet normal 0 0 -1
    outer loop
      vertex -1.37512 4.2322 5
      vertex -16.75 28 5
      vertex -0.696133 4.39521 5
    endloop
  endfacet
  facet normal 0 0 -1
    outer loop
      vertex -2.02026 3.96498 5
      vertex -16.75 28 5
      vertex -1.37512 4.2322 5
    endloop
  endfacet
  facet normal 0 0 -1
    outer loop
      vertex -19.75 25 5
      vertex -2.02026 3.96498 5
      vertex -2.61564 3.60013 5
    endloop
  endfacet
  facet normal 0 0 -1
    outer loop
      vertex -19.75 25 5
      vertex -2.61564 3.60013 5
      vertex -3.14662 3.14662 5
    endloop
  endfacet
  facet normal 0 0 -1
    outer loop
      vertex -19.75 25 5
      vertex -3.14662 3.14662 5
      vertex -3.60013 2.61564 5
    endloop
  endfacet
  facet normal 0 0 -1
    outer loop
      vertex -19.75 25 5
      vertex -3.60013 2.61564 5
      vertex -3.96498 2.02026 5
    endloop
  endfacet
  facet normal 0 0 -1
    outer loop
      vertex -4.39521 0.696133 5
      vertex -19.75 25 5
      vertex -4.2322 1.37512 5
    endloop
  endfacet
  facet normal 0 0 -1
    outer loop
      vertex -19.75 -25 5
      vertex -16.75 -28 5
      vertex -17.2193 -27.9631 5
    endloop
  endfacet
  facet normal 0 0 -1
    outer loop
      vertex -4.2322 1.37512 5
      vertex -19.75 25 5
      vertex -3.96498 2.02026 5
    endloop
  endfacet
  facet normal 0 0 -1
    outer loop
      vertex -19.75 -25 5
      vertex -17.2193 -27.9631 5
      vertex -17.6771 -27.8532 5
    endloop
  endfacet
  facet normal 0 0 -1
    outer loop
      vertex -2.02026 3.96498 5
      vertex -19.75 25 5
      vertex -16.75 28 5
    endloop
  endfacet
  facet normal 0 0 -1
    outer loop
      vertex -19.75 -25 5
      vertex -17.6771 -27.8532 5
      vertex -18.112 -27.673 5
    endloop
  endfacet
  facet normal 0 0 -1
    outer loop
      vertex -16.75 28 5
      vertex -19.75 25 5
      vertex -17.2193 27.9631 5
    endloop
  endfacet
  facet normal 0 0 -1
    outer loop
      vertex -19.75 -25 5
      vertex -18.112 -27.673 5
      vertex -18.5134 -27.4271 5
    endloop
  endfacet
  facet normal 0 0 -1
    outer loop
      vertex -17.2193 27.9631 5
      vertex -19.75 25 5
      vertex -17.6771 27.8532 5
    endloop
  endfacet
  facet normal 0 0 -1
    outer loop
      vertex -19.75 -25 5
      vertex -18.5134 -27.4271 5
      vertex -18.8713 -27.1213 5
    endloop
  endfacet
  facet normal 0 0 -1
    outer loop
      vertex -17.6771 27.8532 5
      vertex -19.75 25 5
      vertex -18.112 27.673 5
    endloop
  endfacet
  facet normal 0 0 -1
    outer loop
      vertex -19.75 -25 5
      vertex -18.8713 -27.1213 5
      vertex -19.1771 -26.7634 5
    endloop
  endfacet
  facet normal 0 0 -1
    outer loop
      vertex -18.112 27.673 5
      vertex -19.75 25 5
      vertex -18.5134 27.4271 5
    endloop
  endfacet
  facet normal 0 0 -1
    outer loop
      vertex -19.75 -25 5
      vertex -19.1771 -26.7634 5
      vertex -19.423 -26.362 5
    endloop
  endfacet
  facet normal 0 0 -1
    outer loop
      vertex -18.5134 27.4271 5
      vertex -19.75 25 5
      vertex -18.8713 27.1213 5
    endloop
  endfacet
  facet normal 0 0 -1
    outer loop
      vertex -19.75 -25 5
      vertex -19.423 -26.362 5
      vertex -19.6032 -25.9271 5
    endloop
  endfacet
  facet normal 0 0 -1
    outer loop
      vertex -18.8713 27.1213 5
      vertex -19.75 25 5
      vertex -19.1771 26.7634 5
    endloop
  endfacet
  facet normal 0 0 -1
    outer loop
      vertex -19.75 -25 5
      vertex -19.6032 -25.9271 5
      vertex -19.7131 -25.4693 5
    endloop
  endfacet
  facet normal 0 0 -1
    outer loop
      vertex -19.1771 26.7634 5
      vertex -19.75 25 5
      vertex -19.423 26.362 5
    endloop
  endfacet
  facet normal 0 0 -1
    outer loop
      vertex -19.423 26.362 5
      vertex -19.75 25 5
      vertex -19.6032 25.9271 5
    endloop
  endfacet
  facet normal 0 0 -1
    outer loop
      vertex -19.6032 25.9271 5
      vertex -19.75 25 5
      vertex -19.7131 25.4693 5
    endloop
  endfacet
  facet normal 0 0 -1
    outer loop
      vertex 159.984 -9.62891 5
      vertex 164.98 9.64844 5
      vertex 160.02 -9.70703 5
    endloop
  endfacet
  facet normal 0 0 -1
    outer loop
      vertex 164.98 9.64844 5
      vertex 159.984 -9.62891 5
      vertex 164.852 9.55859 5
    endloop
  endfacet
  facet normal 0 0 -1
    outer loop
      vertex 159.914 -9.55078 5
      vertex 164.852 9.55859 5
      vertex 159.984 -9.62891 5
    endloop
  endfacet
  facet normal 0 0 -1
    outer loop
      vertex 159.914 -9.55078 5
      vertex 159.555 6.51562 5
      vertex 164.852 9.55859 5
    endloop
  endfacet
  facet normal 0 0 -1
    outer loop
      vertex 154.43 -4.54688 5
      vertex 159.555 6.51562 5
      vertex 159.914 -9.55078 5
    endloop
  endfacet
  facet normal 0 0 -1
    outer loop
      vertex 148.922 0.476562 5
      vertex 154.43 -4.54688 5
      vertex 148.922 0.429688 5
    endloop
  endfacet
  facet normal 0 0 -1
    outer loop
      vertex 154.43 -4.54688 5
      vertex 148.922 0.476562 5
      vertex 159.555 6.51562 5
    endloop
  endfacet
  facet normal 0 -0 -1
    outer loop
      vertex 148.922 0.476562 5
      vertex 148.922 0.429688 5
      vertex 148.91 0.449219 5
    endloop
  endfacet
  facet normal 0 0 -1
    outer loop
      vertex 213.463 -0.469303 5
      vertex 213.463 0.469303 5
      vertex 213.5 0 5
    endloop
  endfacet
  facet normal 0 0 -1
    outer loop
      vertex 213.353 -0.927051 5
      vertex 213.463 0.469303 5
      vertex 213.463 -0.469303 5
    endloop
  endfacet
  facet normal 0 0 -1
    outer loop
      vertex 213.353 -0.927051 5
      vertex 213.353 0.927051 5
      vertex 213.463 0.469303 5
    endloop
  endfacet
  facet normal 0 0 -1
    outer loop
      vertex 213.173 -1.36197 5
      vertex 213.353 0.927051 5
      vertex 213.353 -0.927051 5
    endloop
  endfacet
  facet normal 0 0 -1
    outer loop
      vertex 213.173 -1.36197 5
      vertex 213.173 1.36197 5
      vertex 213.353 0.927051 5
    endloop
  endfacet
  facet normal 0 0 -1
    outer loop
      vertex 212.927 -1.76336 5
      vertex 213.173 1.36197 5
      vertex 213.173 -1.36197 5
    endloop
  endfacet
  facet normal 0 0 -1
    outer loop
      vertex 212.927 -1.76336 5
      vertex 212.927 1.76336 5
      vertex 213.173 1.36197 5
    endloop
  endfacet
  facet normal 0 0 -1
    outer loop
      vertex 212.621 -2.12132 5
      vertex 212.927 1.76336 5
      vertex 212.927 -1.76336 5
    endloop
  endfacet
  facet normal 0 0 -1
    outer loop
      vertex 212.621 -2.12132 5
      vertex 212.621 2.12132 5
      vertex 212.927 1.76336 5
    endloop
  endfacet
  facet normal 0 0 -1
    outer loop
      vertex 212.263 -2.42705 5
      vertex 212.621 2.12132 5
      vertex 212.621 -2.12132 5
    endloop
  endfacet
  facet normal 0 0 -1
    outer loop
      vertex 212.263 -2.42705 5
      vertex 212.263 2.42705 5
      vertex 212.621 2.12132 5
    endloop
  endfacet
  facet normal 0 0 -1
    outer loop
      vertex 211.862 -2.67302 5
      vertex 212.263 2.42705 5
      vertex 212.263 -2.42705 5
    endloop
  endfacet
  facet normal 0 0 -1
    outer loop
      vertex 211.862 -2.67302 5
      vertex 211.862 2.67302 5
      vertex 212.263 2.42705 5
    endloop
  endfacet
  facet normal 0 0 -1
    outer loop
      vertex 211.427 -2.85317 5
      vertex 211.862 2.67302 5
      vertex 211.862 -2.67302 5
    endloop
  endfacet
  facet normal 0 0 -1
    outer loop
      vertex 211.427 -2.85317 5
      vertex 211.427 2.85317 5
      vertex 211.862 2.67302 5
    endloop
  endfacet
  facet normal 0 0 -1
    outer loop
      vertex 210.969 -2.96306 5
      vertex 211.427 2.85317 5
      vertex 211.427 -2.85317 5
    endloop
  endfacet
  facet normal 0 0 -1
    outer loop
      vertex 210.969 -2.96306 5
      vertex 210.969 2.96306 5
      vertex 211.427 2.85317 5
    endloop
  endfacet
  facet normal 0 0 -1
    outer loop
      vertex 210.5 -3 5
      vertex 210.969 2.96306 5
      vertex 210.969 -2.96306 5
    endloop
  endfacet
  facet normal 0 0 -1
    outer loop
      vertex 210.5 -3 5
      vertex 210.5 3 5
      vertex 210.969 2.96306 5
    endloop
  endfacet
  facet normal 0 0 -1
    outer loop
      vertex 210.031 -2.96306 5
      vertex 210.5 3 5
      vertex 210.5 -3 5
    endloop
  endfacet
  facet normal 0 0 -1
    outer loop
      vertex 210.031 -2.96306 5
      vertex 210.031 2.96306 5
      vertex 210.5 3 5
    endloop
  endfacet
  facet normal 0 0 -1
    outer loop
      vertex 209.573 -2.85317 5
      vertex 210.031 2.96306 5
      vertex 210.031 -2.96306 5
    endloop
  endfacet
  facet normal 0 0 -1
    outer loop
      vertex 209.573 -2.85317 5
      vertex 209.573 2.85317 5
      vertex 210.031 2.96306 5
    endloop
  endfacet
  facet normal 0 0 -1
    outer loop
      vertex 209.138 -2.67302 5
      vertex 209.573 2.85317 5
      vertex 209.573 -2.85317 5
    endloop
  endfacet
  facet normal 0 0 -1
    outer loop
      vertex 209.138 -2.67302 5
      vertex 209.138 2.67302 5
      vertex 209.573 2.85317 5
    endloop
  endfacet
  facet normal 0 0 -1
    outer loop
      vertex 208.737 -2.42705 5
      vertex 209.138 2.67302 5
      vertex 209.138 -2.67302 5
    endloop
  endfacet
  facet normal 0 0 -1
    outer loop
      vertex 208.737 -2.42705 5
      vertex 208.737 2.42705 5
      vertex 209.138 2.67302 5
    endloop
  endfacet
  facet normal 0 0 -1
    outer loop
      vertex 208.379 -2.12132 5
      vertex 208.737 2.42705 5
      vertex 208.737 -2.42705 5
    endloop
  endfacet
  facet normal 0 0 -1
    outer loop
      vertex 208.379 -2.12132 5
      vertex 208.379 2.12132 5
      vertex 208.737 2.42705 5
    endloop
  endfacet
  facet normal 0 0 -1
    outer loop
      vertex 208.073 -1.76336 5
      vertex 208.379 2.12132 5
      vertex 208.379 -2.12132 5
    endloop
  endfacet
  facet normal 0 0 -1
    outer loop
      vertex 208.073 -1.76336 5
      vertex 208.073 1.76336 5
      vertex 208.379 2.12132 5
    endloop
  endfacet
  facet normal 0 0 -1
    outer loop
      vertex 207.827 -1.36197 5
      vertex 208.073 1.76336 5
      vertex 208.073 -1.76336 5
    endloop
  endfacet
  facet normal 0 0 -1
    outer loop
      vertex 207.827 -1.36197 5
      vertex 207.827 1.36197 5
      vertex 208.073 1.76336 5
    endloop
  endfacet
  facet normal 0 0 -1
    outer loop
      vertex 207.647 -0.927051 5
      vertex 207.827 1.36197 5
      vertex 207.827 -1.36197 5
    endloop
  endfacet
  facet normal 0 0 -1
    outer loop
      vertex 207.647 -0.927051 5
      vertex 207.647 0.927051 5
      vertex 207.827 1.36197 5
    endloop
  endfacet
  facet normal 0 0 -1
    outer loop
      vertex 207.537 -0.469303 5
      vertex 207.647 0.927051 5
      vertex 207.647 -0.927051 5
    endloop
  endfacet
  facet normal 0 0 -1
    outer loop
      vertex 207.537 -0.469303 5
      vertex 207.537 0.469303 5
      vertex 207.647 0.927051 5
    endloop
  endfacet
  facet normal 0 -0 -1
    outer loop
      vertex 207.537 0.469303 5
      vertex 207.537 -0.469303 5
      vertex 207.5 0 5
    endloop
  endfacet
  facet normal 0 0 -1
    outer loop
      vertex 2.96306 -0.469303 5
      vertex 2.96306 0.469303 5
      vertex 3 0 5
    endloop
  endfacet
  facet normal 0 0 -1
    outer loop
      vertex 2.85317 -0.927051 5
      vertex 2.96306 0.469303 5
      vertex 2.96306 -0.469303 5
    endloop
  endfacet
  facet normal 0 0 -1
    outer loop
      vertex 2.85317 -0.927051 5
      vertex 2.85317 0.927051 5
      vertex 2.96306 0.469303 5
    endloop
  endfacet
  facet normal 0 0 -1
    outer loop
      vertex 2.67302 -1.36197 5
      vertex 2.85317 0.927051 5
      vertex 2.85317 -0.927051 5
    endloop
  endfacet
  facet normal 0 0 -1
    outer loop
      vertex 2.67302 -1.36197 5
      vertex 2.67302 1.36197 5
      vertex 2.85317 0.927051 5
    endloop
  endfacet
  facet normal 0 0 -1
    outer loop
      vertex 2.42705 -1.76336 5
      vertex 2.67302 1.36197 5
      vertex 2.67302 -1.36197 5
    endloop
  endfacet
  facet normal 0 0 -1
    outer loop
      vertex 2.42705 -1.76336 5
      vertex 2.42705 1.76336 5
      vertex 2.67302 1.36197 5
    endloop
  endfacet
  facet normal 0 0 -1
    outer loop
      vertex 2.12132 -2.12132 5
      vertex 2.42705 1.76336 5
      vertex 2.42705 -1.76336 5
    endloop
  endfacet
  facet normal 0 0 -1
    outer loop
      vertex 2.12132 -2.12132 5
      vertex 2.12132 2.12132 5
      vertex 2.42705 1.76336 5
    endloop
  endfacet
  facet normal 0 0 -1
    outer loop
      vertex 1.76336 -2.42705 5
      vertex 2.12132 2.12132 5
      vertex 2.12132 -2.12132 5
    endloop
  endfacet
  facet normal 0 0 -1
    outer loop
      vertex 1.76336 -2.42705 5
      vertex 1.76336 2.42705 5
      vertex 2.12132 2.12132 5
    endloop
  endfacet
  facet normal 0 0 -1
    outer loop
      vertex 1.36197 -2.67302 5
      vertex 1.76336 2.42705 5
      vertex 1.76336 -2.42705 5
    endloop
  endfacet
  facet normal 0 0 -1
    outer loop
      vertex 1.36197 -2.67302 5
      vertex 1.36197 2.67302 5
      vertex 1.76336 2.42705 5
    endloop
  endfacet
  facet normal 0 0 -1
    outer loop
      vertex 0.927051 -2.85317 5
      vertex 1.36197 2.67302 5
      vertex 1.36197 -2.67302 5
    endloop
  endfacet
  facet normal 0 0 -1
    outer loop
      vertex 0.927051 -2.85317 5
      vertex 0.927051 2.85317 5
      vertex 1.36197 2.67302 5
    endloop
  endfacet
  facet normal 0 0 -1
    outer loop
      vertex 0.469303 -2.96306 5
      vertex 0.927051 2.85317 5
      vertex 0.927051 -2.85317 5
    endloop
  endfacet
  facet normal 0 0 -1
    outer loop
      vertex 0.469303 -2.96306 5
      vertex 0.469303 2.96306 5
      vertex 0.927051 2.85317 5
    endloop
  endfacet
  facet normal 0 0 -1
    outer loop
      vertex 0 -3 5
      vertex 0.469303 2.96306 5
      vertex 0.469303 -2.96306 5
    endloop
  endfacet
  facet normal 0 0 -1
    outer loop
      vertex 0 -3 5
      vertex 0 3 5
      vertex 0.469303 2.96306 5
    endloop
  endfacet
  facet normal 0 0 -1
    outer loop
      vertex -0.469303 -2.96306 5
      vertex 0 3 5
      vertex 0 -3 5
    endloop
  endfacet
  facet normal 0 0 -1
    outer loop
      vertex -0.469303 -2.96306 5
      vertex -0.469303 2.96306 5
      vertex 0 3 5
    endloop
  endfacet
  facet normal 0 0 -1
    outer loop
      vertex -0.927051 -2.85317 5
      vertex -0.469303 2.96306 5
      vertex -0.469303 -2.96306 5
    endloop
  endfacet
  facet normal 0 0 -1
    outer loop
      vertex -0.927051 -2.85317 5
      vertex -0.927051 2.85317 5
      vertex -0.469303 2.96306 5
    endloop
  endfacet
  facet normal 0 0 -1
    outer loop
      vertex -1.36197 -2.67302 5
      vertex -0.927051 2.85317 5
      vertex -0.927051 -2.85317 5
    endloop
  endfacet
  facet normal 0 0 -1
    outer loop
      vertex -1.36197 -2.67302 5
      vertex -1.36197 2.67302 5
      vertex -0.927051 2.85317 5
    endloop
  endfacet
  facet normal 0 0 -1
    outer loop
      vertex -1.76336 -2.42705 5
      vertex -1.36197 2.67302 5
      vertex -1.36197 -2.67302 5
    endloop
  endfacet
  facet normal 0 0 -1
    outer loop
      vertex -1.76336 -2.42705 5
      vertex -1.76336 2.42705 5
      vertex -1.36197 2.67302 5
    endloop
  endfacet
  facet normal 0 0 -1
    outer loop
      vertex -2.12132 -2.12132 5
      vertex -1.76336 2.42705 5
      vertex -1.76336 -2.42705 5
    endloop
  endfacet
  facet normal 0 0 -1
    outer loop
      vertex -2.12132 -2.12132 5
      vertex -2.12132 2.12132 5
      vertex -1.76336 2.42705 5
    endloop
  endfacet
  facet normal 0 0 -1
    outer loop
      vertex -2.42705 -1.76336 5
      vertex -2.12132 2.12132 5
      vertex -2.12132 -2.12132 5
    endloop
  endfacet
  facet normal 0 0 -1
    outer loop
      vertex -2.42705 -1.76336 5
      vertex -2.42705 1.76336 5
      vertex -2.12132 2.12132 5
    endloop
  endfacet
  facet normal 0 0 -1
    outer loop
      vertex -2.67302 -1.36197 5
      vertex -2.42705 1.76336 5
      vertex -2.42705 -1.76336 5
    endloop
  endfacet
  facet normal 0 0 -1
    outer loop
      vertex -2.67302 -1.36197 5
      vertex -2.67302 1.36197 5
      vertex -2.42705 1.76336 5
    endloop
  endfacet
  facet normal 0 0 -1
    outer loop
      vertex -2.85317 -0.927051 5
      vertex -2.67302 1.36197 5
      vertex -2.67302 -1.36197 5
    endloop
  endfacet
  facet normal 0 0 -1
    outer loop
      vertex -2.85317 -0.927051 5
      vertex -2.85317 0.927051 5
      vertex -2.67302 1.36197 5
    endloop
  endfacet
  facet normal 0 0 -1
    outer loop
      vertex -2.96306 -0.469303 5
      vertex -2.85317 0.927051 5
      vertex -2.85317 -0.927051 5
    endloop
  endfacet
  facet normal 0 0 -1
    outer loop
      vertex -2.96306 -0.469303 5
      vertex -2.96306 0.469303 5
      vertex -2.85317 0.927051 5
    endloop
  endfacet
  facet normal 0 -0 -1
    outer loop
      vertex -2.96306 0.469303 5
      vertex -2.96306 -0.469303 5
      vertex -3 0 5
    endloop
  endfacet
  facet normal 0.996917 -0.0784602 0
    outer loop
      vertex 4.39521 -0.696133 5
      vertex 4.45 0 0
      vertex 4.45 0 5
    endloop
  endfacet
  facet normal 0.996917 -0.0784602 0
    outer loop
      vertex 4.45 0 0
      vertex 4.39521 -0.696133 5
      vertex 4.39521 -0.696133 0
    endloop
  endfacet
  facet normal 0.760406 -0.649448 0
    outer loop
      vertex 3.14662 -3.14662 5
      vertex 3.60013 -2.61564 0
      vertex 3.60013 -2.61564 5
    endloop
  endfacet
  facet normal 0.760406 -0.649448 0
    outer loop
      vertex 3.60013 -2.61564 0
      vertex 3.14662 -3.14662 5
      vertex 3.14662 -3.14662 0
    endloop
  endfacet
  facet normal -0.97237 -0.233445 0
    outer loop
      vertex -4.2322 -1.37512 0
      vertex -4.39521 -0.696133 5
      vertex -4.39521 -0.696133 0
    endloop
  endfacet
  facet normal -0.97237 -0.233445 0
    outer loop
      vertex -4.39521 -0.696133 5
      vertex -4.2322 -1.37512 0
      vertex -4.2322 -1.37512 5
    endloop
  endfacet
  facet normal -0.996917 -0.0784609 0
    outer loop
      vertex 3 0 0
      vertex 2.96306 0.469303 5
      vertex 2.96306 0.469303 0
    endloop
  endfacet
  facet normal -0.996917 -0.0784609 0
    outer loop
      vertex 2.96306 0.469303 5
      vertex 3 0 0
      vertex 3 0 5
    endloop
  endfacet
  facet normal 0.996917 -0.0784609 0
    outer loop
      vertex -3 0 5
      vertex -2.96306 0.469303 0
      vertex -2.96306 0.469303 5
    endloop
  endfacet
  facet normal 0.996917 -0.0784609 0
    outer loop
      vertex -2.96306 0.469303 0
      vertex -3 0 5
      vertex -3 0 0
    endloop
  endfacet
  facet normal -0.0784609 -0.996917 0
    outer loop
      vertex 0 3 0
      vertex 0.469303 2.96306 5
      vertex 0 3 5
    endloop
  endfacet
  facet normal -0.0784609 -0.996917 -0
    outer loop
      vertex 0.469303 2.96306 5
      vertex 0 3 0
      vertex 0.469303 2.96306 0
    endloop
  endfacet
  facet normal 0.0784609 0.996917 -0
    outer loop
      vertex 0 -3 0
      vertex -0.469303 -2.96306 5
      vertex 0 -3 5
    endloop
  endfacet
  facet normal 0.0784609 0.996917 0
    outer loop
      vertex -0.469303 -2.96306 5
      vertex 0 -3 0
      vertex -0.469303 -2.96306 0
    endloop
  endfacet
  facet normal -0.649448 -0.760406 0
    outer loop
      vertex 1.76336 2.42705 0
      vertex 2.12132 2.12132 5
      vertex 1.76336 2.42705 5
    endloop
  endfacet
  facet normal -0.649448 -0.760406 -0
    outer loop
      vertex 2.12132 2.12132 5
      vertex 1.76336 2.42705 0
      vertex 2.12132 2.12132 0
    endloop
  endfacet
  facet normal 0.649448 -0.760406 0
    outer loop
      vertex -2.12132 2.12132 0
      vertex -1.76336 2.42705 5
      vertex -2.12132 2.12132 5
    endloop
  endfacet
  facet normal 0.649448 -0.760406 0
    outer loop
      vertex -1.76336 2.42705 5
      vertex -2.12132 2.12132 0
      vertex -1.76336 2.42705 0
    endloop
  endfacet
  facet normal 0.382684 -0.923879 0
    outer loop
      vertex -1.36197 2.67302 0
      vertex -0.927051 2.85317 5
      vertex -1.36197 2.67302 5
    endloop
  endfacet
  facet normal 0.382684 -0.923879 0
    outer loop
      vertex -0.927051 2.85317 5
      vertex -1.36197 2.67302 0
      vertex -0.927051 2.85317 0
    endloop
  endfacet
  facet normal -0.85264 0.522499 0
    outer loop
      vertex 2.42705 -1.76336 0
      vertex 2.67302 -1.36197 5
      vertex 2.67302 -1.36197 0
    endloop
  endfacet
  facet normal -0.85264 0.522499 0
    outer loop
      vertex 2.67302 -1.36197 5
      vertex 2.42705 -1.76336 0
      vertex 2.42705 -1.76336 5
    endloop
  endfacet
  facet normal -0.923879 -0.382684 0
    outer loop
      vertex 2.85317 0.927051 0
      vertex 2.67302 1.36197 5
      vertex 2.67302 1.36197 0
    endloop
  endfacet
  facet normal -0.923879 -0.382684 0
    outer loop
      vertex 2.67302 1.36197 5
      vertex 2.85317 0.927051 0
      vertex 2.85317 0.927051 5
    endloop
  endfacet
  facet normal -0.97237 -0.233444 0
    outer loop
      vertex 2.96306 0.469303 0
      vertex 2.85317 0.927051 5
      vertex 2.85317 0.927051 0
    endloop
  endfacet
  facet normal -0.97237 -0.233444 0
    outer loop
      vertex 2.85317 0.927051 5
      vertex 2.96306 0.469303 0
      vertex 2.96306 0.469303 5
    endloop
  endfacet
  facet normal -0.85264 -0.522499 0
    outer loop
      vertex 2.67302 1.36197 0
      vertex 2.42705 1.76336 5
      vertex 2.42705 1.76336 0
    endloop
  endfacet
  facet normal -0.85264 -0.522499 0
    outer loop
      vertex 2.42705 1.76336 5
      vertex 2.67302 1.36197 0
      vertex 2.67302 1.36197 5
    endloop
  endfacet
  facet normal -0.382684 -0.923879 0
    outer loop
      vertex 0.927051 2.85317 0
      vertex 1.36197 2.67302 5
      vertex 0.927051 2.85317 5
    endloop
  endfacet
  facet normal -0.382684 -0.923879 -0
    outer loop
      vertex 1.36197 2.67302 5
      vertex 0.927051 2.85317 0
      vertex 1.36197 2.67302 0
    endloop
  endfacet
  facet normal -0.233444 -0.97237 0
    outer loop
      vertex 0.469303 2.96306 0
      vertex 0.927051 2.85317 5
      vertex 0.469303 2.96306 5
    endloop
  endfacet
  facet normal -0.233444 -0.97237 -0
    outer loop
      vertex 0.927051 2.85317 5
      vertex 0.469303 2.96306 0
      vertex 0.927051 2.85317 0
    endloop
  endfacet
  facet normal -0.522499 -0.85264 0
    outer loop
      vertex 1.36197 2.67302 0
      vertex 1.76336 2.42705 5
      vertex 1.36197 2.67302 5
    endloop
  endfacet
  facet normal -0.522499 -0.85264 -0
    outer loop
      vertex 1.76336 2.42705 5
      vertex 1.36197 2.67302 0
      vertex 1.76336 2.42705 0
    endloop
  endfacet
  facet normal 0.85264 -0.522499 0
    outer loop
      vertex -2.67302 1.36197 5
      vertex -2.42705 1.76336 0
      vertex -2.42705 1.76336 5
    endloop
  endfacet
  facet normal 0.85264 -0.522499 0
    outer loop
      vertex -2.42705 1.76336 0
      vertex -2.67302 1.36197 5
      vertex -2.67302 1.36197 0
    endloop
  endfacet
  facet normal 0.760406 -0.649448 0
    outer loop
      vertex -2.42705 1.76336 5
      vertex -2.12132 2.12132 0
      vertex -2.12132 2.12132 5
    endloop
  endfacet
  facet normal 0.760406 -0.649448 0
    outer loop
      vertex -2.12132 2.12132 0
      vertex -2.42705 1.76336 5
      vertex -2.42705 1.76336 0
    endloop
  endfacet
  facet normal 0.923879 -0.382684 0
    outer loop
      vertex -2.85317 0.927051 5
      vertex -2.67302 1.36197 0
      vertex -2.67302 1.36197 5
    endloop
  endfacet
  facet normal 0.923879 -0.382684 0
    outer loop
      vertex -2.67302 1.36197 0
      vertex -2.85317 0.927051 5
      vertex -2.85317 0.927051 0
    endloop
  endfacet
  facet normal 0.522499 -0.85264 0
    outer loop
      vertex -1.76336 2.42705 0
      vertex -1.36197 2.67302 5
      vertex -1.76336 2.42705 5
    endloop
  endfacet
  facet normal 0.522499 -0.85264 0
    outer loop
      vertex -1.36197 2.67302 5
      vertex -1.76336 2.42705 0
      vertex -1.36197 2.67302 0
    endloop
  endfacet
  facet normal 0.233444 -0.97237 0
    outer loop
      vertex -0.927051 2.85317 0
      vertex -0.469303 2.96306 5
      vertex -0.927051 2.85317 5
    endloop
  endfacet
  facet normal 0.233444 -0.97237 0
    outer loop
      vertex -0.469303 2.96306 5
      vertex -0.927051 2.85317 0
      vertex -0.469303 2.96306 0
    endloop
  endfacet
  facet normal -0.760406 0.649448 0
    outer loop
      vertex 2.12132 -2.12132 0
      vertex 2.42705 -1.76336 5
      vertex 2.42705 -1.76336 0
    endloop
  endfacet
  facet normal -0.760406 0.649448 0
    outer loop
      vertex 2.42705 -1.76336 5
      vertex 2.12132 -2.12132 0
      vertex 2.12132 -2.12132 5
    endloop
  endfacet
  facet normal -0.522499 0.85264 0
    outer loop
      vertex 1.76336 -2.42705 0
      vertex 1.36197 -2.67302 5
      vertex 1.76336 -2.42705 5
    endloop
  endfacet
  facet normal -0.522499 0.85264 0
    outer loop
      vertex 1.36197 -2.67302 5
      vertex 1.76336 -2.42705 0
      vertex 1.36197 -2.67302 0
    endloop
  endfacet
  facet normal 0.522499 0.85264 -0
    outer loop
      vertex -1.36197 -2.67302 0
      vertex -1.76336 -2.42705 5
      vertex -1.36197 -2.67302 5
    endloop
  endfacet
  facet normal 0.522499 0.85264 0
    outer loop
      vertex -1.76336 -2.42705 5
      vertex -1.36197 -2.67302 0
      vertex -1.76336 -2.42705 0
    endloop
  endfacet
  facet normal 0.649448 0.760406 -0
    outer loop
      vertex -1.76336 -2.42705 0
      vertex -2.12132 -2.12132 5
      vertex -1.76336 -2.42705 5
    endloop
  endfacet
  facet normal 0.649448 0.760406 0
    outer loop
      vertex -2.12132 -2.12132 5
      vertex -1.76336 -2.42705 0
      vertex -2.12132 -2.12132 0
    endloop
  endfacet
  facet normal 0.382684 0.923879 -0
    outer loop
      vertex -0.927051 -2.85317 0
      vertex -1.36197 -2.67302 5
      vertex -0.927051 -2.85317 5
    endloop
  endfacet
  facet normal 0.382684 0.923879 0
    outer loop
      vertex -1.36197 -2.67302 5
      vertex -0.927051 -2.85317 0
      vertex -1.36197 -2.67302 0
    endloop
  endfacet
  facet normal 0.85264 0.522499 0
    outer loop
      vertex -2.42705 -1.76336 5
      vertex -2.67302 -1.36197 0
      vertex -2.67302 -1.36197 5
    endloop
  endfacet
  facet normal 0.85264 0.522499 0
    outer loop
      vertex -2.67302 -1.36197 0
      vertex -2.42705 -1.76336 5
      vertex -2.42705 -1.76336 0
    endloop
  endfacet
  facet normal 0.760406 0.649448 0
    outer loop
      vertex -2.12132 -2.12132 5
      vertex -2.42705 -1.76336 0
      vertex -2.42705 -1.76336 5
    endloop
  endfacet
  facet normal 0.760406 0.649448 0
    outer loop
      vertex -2.42705 -1.76336 0
      vertex -2.12132 -2.12132 5
      vertex -2.12132 -2.12132 0
    endloop
  endfacet
  facet normal -0.760406 -0.649448 0
    outer loop
      vertex 2.42705 1.76336 0
      vertex 2.12132 2.12132 5
      vertex 2.12132 2.12132 0
    endloop
  endfacet
  facet normal -0.760406 -0.649448 0
    outer loop
      vertex 2.12132 2.12132 5
      vertex 2.42705 1.76336 0
      vertex 2.42705 1.76336 5
    endloop
  endfacet
  facet normal 0.97237 -0.233444 0
    outer loop
      vertex -2.96306 0.469303 5
      vertex -2.85317 0.927051 0
      vertex -2.85317 0.927051 5
    endloop
  endfacet
  facet normal 0.97237 -0.233444 0
    outer loop
      vertex -2.85317 0.927051 0
      vertex -2.96306 0.469303 5
      vertex -2.96306 0.469303 0
    endloop
  endfacet
  facet normal 0.0784609 -0.996917 0
    outer loop
      vertex -0.469303 2.96306 0
      vertex 0 3 5
      vertex -0.469303 2.96306 5
    endloop
  endfacet
  facet normal 0.0784609 -0.996917 0
    outer loop
      vertex 0 3 5
      vertex -0.469303 2.96306 0
      vertex 0 3 0
    endloop
  endfacet
  facet normal -0.0784609 0.996917 0
    outer loop
      vertex 0.469303 -2.96306 0
      vertex 0 -3 5
      vertex 0.469303 -2.96306 5
    endloop
  endfacet
  facet normal -0.0784609 0.996917 0
    outer loop
      vertex 0 -3 5
      vertex 0.469303 -2.96306 0
      vertex 0 -3 0
    endloop
  endfacet
  facet normal -0.382684 0.923879 0
    outer loop
      vertex 1.36197 -2.67302 0
      vertex 0.927051 -2.85317 5
      vertex 1.36197 -2.67302 5
    endloop
  endfacet
  facet normal -0.382684 0.923879 0
    outer loop
      vertex 0.927051 -2.85317 5
      vertex 1.36197 -2.67302 0
      vertex 0.927051 -2.85317 0
    endloop
  endfacet
  facet normal -0.649448 0.760406 0
    outer loop
      vertex 2.12132 -2.12132 0
      vertex 1.76336 -2.42705 5
      vertex 2.12132 -2.12132 5
    endloop
  endfacet
  facet normal -0.649448 0.760406 0
    outer loop
      vertex 1.76336 -2.42705 5
      vertex 2.12132 -2.12132 0
      vertex 1.76336 -2.42705 0
    endloop
  endfacet
  facet normal -0.923879 0.382684 0
    outer loop
      vertex 2.67302 -1.36197 0
      vertex 2.85317 -0.927051 5
      vertex 2.85317 -0.927051 0
    endloop
  endfacet
  facet normal -0.923879 0.382684 0
    outer loop
      vertex 2.85317 -0.927051 5
      vertex 2.67302 -1.36197 0
      vertex 2.67302 -1.36197 5
    endloop
  endfacet
  facet normal -0.97237 0.233444 0
    outer loop
      vertex 2.85317 -0.927051 0
      vertex 2.96306 -0.469303 5
      vertex 2.96306 -0.469303 0
    endloop
  endfacet
  facet normal -0.97237 0.233444 0
    outer loop
      vertex 2.96306 -0.469303 5
      vertex 2.85317 -0.927051 0
      vertex 2.85317 -0.927051 5
    endloop
  endfacet
  facet normal 0.233444 0.97237 -0
    outer loop
      vertex -0.469303 -2.96306 0
      vertex -0.927051 -2.85317 5
      vertex -0.469303 -2.96306 5
    endloop
  endfacet
  facet normal 0.233444 0.97237 0
    outer loop
      vertex -0.927051 -2.85317 5
      vertex -0.469303 -2.96306 0
      vertex -0.927051 -2.85317 0
    endloop
  endfacet
  facet normal 0.923879 0.382684 0
    outer loop
      vertex -2.67302 -1.36197 5
      vertex -2.85317 -0.927051 0
      vertex -2.85317 -0.927051 5
    endloop
  endfacet
  facet normal 0.923879 0.382684 0
    outer loop
      vertex -2.85317 -0.927051 0
      vertex -2.67302 -1.36197 5
      vertex -2.67302 -1.36197 0
    endloop
  endfacet
  facet normal 0.996917 0.0784609 0
    outer loop
      vertex -2.96306 -0.469303 5
      vertex -3 0 0
      vertex -3 0 5
    endloop
  endfacet
  facet normal 0.996917 0.0784609 0
    outer loop
      vertex -3 0 0
      vertex -2.96306 -0.469303 5
      vertex -2.96306 -0.469303 0
    endloop
  endfacet
  facet normal -0.233444 0.97237 0
    outer loop
      vertex 0.927051 -2.85317 0
      vertex 0.469303 -2.96306 5
      vertex 0.927051 -2.85317 5
    endloop
  endfacet
  facet normal -0.233444 0.97237 0
    outer loop
      vertex 0.469303 -2.96306 5
      vertex 0.927051 -2.85317 0
      vertex 0.469303 -2.96306 0
    endloop
  endfacet
  facet normal -0.996917 0.0784609 0
    outer loop
      vertex 2.96306 -0.469303 0
      vertex 3 0 5
      vertex 3 0 0
    endloop
  endfacet
  facet normal -0.996917 0.0784609 0
    outer loop
      vertex 3 0 5
      vertex 2.96306 -0.469303 0
      vertex 2.96306 -0.469303 5
    endloop
  endfacet
  facet normal 0.97237 0.233444 0
    outer loop
      vertex -2.85317 -0.927051 5
      vertex -2.96306 -0.469303 0
      vertex -2.96306 -0.469303 5
    endloop
  endfacet
  facet normal 0.97237 0.233444 0
    outer loop
      vertex -2.96306 -0.469303 0
      vertex -2.85317 -0.927051 5
      vertex -2.85317 -0.927051 0
    endloop
  endfacet
  facet normal 0.649452 0.760402 -0
    outer loop
      vertex 213.647 3.14662 0
      vertex 213.116 3.60013 5
      vertex 213.647 3.14662 5
    endloop
  endfacet
  facet normal 0.649452 0.760402 0
    outer loop
      vertex 213.116 3.60013 5
      vertex 213.647 3.14662 0
      vertex 213.116 3.60013 0
    endloop
  endfacet
  facet normal -0.923877 0.382689 0
    outer loop
      vertex 206.268 1.37512 0
      vertex 206.535 2.02026 5
      vertex 206.535 2.02026 0
    endloop
  endfacet
  facet normal -0.923877 0.382689 0
    outer loop
      vertex 206.535 2.02026 5
      vertex 206.268 1.37512 0
      vertex 206.268 1.37512 5
    endloop
  endfacet
  facet normal -0.382679 -0.923882 0
    outer loop
      vertex 208.48 -3.96498 0
      vertex 209.125 -4.2322 5
      vertex 208.48 -3.96498 5
    endloop
  endfacet
  facet normal -0.382679 -0.923882 -0
    outer loop
      vertex 209.125 -4.2322 5
      vertex 208.48 -3.96498 0
      vertex 209.125 -4.2322 0
    endloop
  endfacet
  facet normal -0.382679 0.923882 0
    outer loop
      vertex 209.125 4.2322 0
      vertex 208.48 3.96498 5
      vertex 209.125 4.2322 5
    endloop
  endfacet
  facet normal -0.382679 0.923882 0
    outer loop
      vertex 208.48 3.96498 5
      vertex 209.125 4.2322 0
      vertex 208.48 3.96498 0
    endloop
  endfacet
  facet normal -0.85264 0.522498 0
    outer loop
      vertex 206.535 2.02026 0
      vertex 206.9 2.61564 5
      vertex 206.9 2.61564 0
    endloop
  endfacet
  facet normal -0.85264 0.522498 0
    outer loop
      vertex 206.9 2.61564 5
      vertex 206.535 2.02026 0
      vertex 206.535 2.02026 5
    endloop
  endfacet
  facet normal 0.972371 0.233443 0
    outer loop
      vertex 214.895 0.696133 5
      vertex 214.732 1.37512 0
      vertex 214.732 1.37512 5
    endloop
  endfacet
  facet normal 0.972371 0.233443 0
    outer loop
      vertex 214.732 1.37512 0
      vertex 214.895 0.696133 5
      vertex 214.895 0.696133 0
    endloop
  endfacet
  facet normal 0.923877 0.382689 0
    outer loop
      vertex 214.732 1.37512 5
      vertex 214.465 2.02026 0
      vertex 214.465 2.02026 5
    endloop
  endfacet
  facet normal 0.923877 0.382689 0
    outer loop
      vertex 214.465 2.02026 0
      vertex 214.732 1.37512 5
      vertex 214.732 1.37512 0
    endloop
  endfacet
  facet normal 0.85264 0.522498 0
    outer loop
      vertex 214.465 2.02026 5
      vertex 214.1 2.61564 0
      vertex 214.1 2.61564 5
    endloop
  endfacet
  facet normal 0.85264 0.522498 0
    outer loop
      vertex 214.1 2.61564 0
      vertex 214.465 2.02026 5
      vertex 214.465 2.02026 0
    endloop
  endfacet
  facet normal 0.760402 0.649453 0
    outer loop
      vertex 214.1 2.61564 5
      vertex 213.647 3.14662 0
      vertex 213.647 3.14662 5
    endloop
  endfacet
  facet normal 0.760402 0.649453 0
    outer loop
      vertex 213.647 3.14662 0
      vertex 214.1 2.61564 5
      vertex 214.1 2.61564 0
    endloop
  endfacet
  facet normal 0.522501 0.852639 -0
    outer loop
      vertex 213.116 3.60013 0
      vertex 212.52 3.96498 5
      vertex 213.116 3.60013 5
    endloop
  endfacet
  facet normal 0.522501 0.852639 0
    outer loop
      vertex 212.52 3.96498 5
      vertex 213.116 3.60013 0
      vertex 212.52 3.96498 0
    endloop
  endfacet
  facet normal -0.972371 0.233443 0
    outer loop
      vertex 206.105 0.696133 0
      vertex 206.268 1.37512 5
      vertex 206.268 1.37512 0
    endloop
  endfacet
  facet normal -0.972371 0.233443 0
    outer loop
      vertex 206.268 1.37512 5
      vertex 206.105 0.696133 0
      vertex 206.105 0.696133 5
    endloop
  endfacet
  facet normal -0.760402 0.649453 0
    outer loop
      vertex 206.9 2.61564 0
      vertex 207.353 3.14662 5
      vertex 207.353 3.14662 0
    endloop
  endfacet
  facet normal -0.760402 0.649453 0
    outer loop
      vertex 207.353 3.14662 5
      vertex 206.9 2.61564 0
      vertex 206.9 2.61564 5
    endloop
  endfacet
  facet normal -0.522501 0.852639 0
    outer loop
      vertex 208.48 3.96498 0
      vertex 207.884 3.60013 5
      vertex 208.48 3.96498 5
    endloop
  endfacet
  facet normal -0.522501 0.852639 0
    outer loop
      vertex 207.884 3.60013 5
      vertex 208.48 3.96498 0
      vertex 207.884 3.60013 0
    endloop
  endfacet
  facet normal -0.233447 0.972369 0
    outer loop
      vertex 209.804 4.39521 0
      vertex 209.125 4.2322 5
      vertex 209.804 4.39521 5
    endloop
  endfacet
  facet normal -0.233447 0.972369 0
    outer loop
      vertex 209.125 4.2322 5
      vertex 209.804 4.39521 0
      vertex 209.125 4.2322 0
    endloop
  endfacet
  facet normal -0.649452 0.760402 0
    outer loop
      vertex 207.884 3.60013 0
      vertex 207.353 3.14662 5
      vertex 207.884 3.60013 5
    endloop
  endfacet
  facet normal -0.649452 0.760402 0
    outer loop
      vertex 207.353 3.14662 5
      vertex 207.884 3.60013 0
      vertex 207.353 3.14662 0
    endloop
  endfacet
  facet normal 0.996918 0.078448 0
    outer loop
      vertex 214.95 0 5
      vertex 214.895 0.696133 0
      vertex 214.895 0.696133 5
    endloop
  endfacet
  facet normal 0.996918 0.078448 0
    outer loop
      vertex 214.895 0.696133 0
      vertex 214.95 0 5
      vertex 214.95 0 0
    endloop
  endfacet
  facet normal 0.382679 -0.923882 0
    outer loop
      vertex 211.875 -4.2322 0
      vertex 212.52 -3.96498 5
      vertex 211.875 -4.2322 5
    endloop
  endfacet
  facet normal 0.382679 -0.923882 0
    outer loop
      vertex 212.52 -3.96498 5
      vertex 211.875 -4.2322 0
      vertex 212.52 -3.96498 0
    endloop
  endfacet
  facet normal 0.522501 -0.852639 0
    outer loop
      vertex 212.52 -3.96498 0
      vertex 213.116 -3.60013 5
      vertex 212.52 -3.96498 5
    endloop
  endfacet
  facet normal 0.522501 -0.852639 0
    outer loop
      vertex 213.116 -3.60013 5
      vertex 212.52 -3.96498 0
      vertex 213.116 -3.60013 0
    endloop
  endfacet
  facet normal 0.85264 -0.522498 0
    outer loop
      vertex 214.1 -2.61564 5
      vertex 214.465 -2.02026 0
      vertex 214.465 -2.02026 5
    endloop
  endfacet
  facet normal 0.85264 -0.522498 0
    outer loop
      vertex 214.465 -2.02026 0
      vertex 214.1 -2.61564 5
      vertex 214.1 -2.61564 0
    endloop
  endfacet
  facet normal -0.233447 -0.972369 0
    outer loop
      vertex 209.125 -4.2322 0
      vertex 209.804 -4.39521 5
      vertex 209.125 -4.2322 5
    endloop
  endfacet
  facet normal -0.233447 -0.972369 -0
    outer loop
      vertex 209.804 -4.39521 5
      vertex 209.125 -4.2322 0
      vertex 209.804 -4.39521 0
    endloop
  endfacet
  facet normal -0.649452 -0.760402 0
    outer loop
      vertex 207.353 -3.14662 0
      vertex 207.884 -3.60013 5
      vertex 207.353 -3.14662 5
    endloop
  endfacet
  facet normal -0.649452 -0.760402 -0
    outer loop
      vertex 207.884 -3.60013 5
      vertex 207.353 -3.14662 0
      vertex 207.884 -3.60013 0
    endloop
  endfacet
  facet normal -0.85264 -0.522498 0
    outer loop
      vertex 206.9 -2.61564 0
      vertex 206.535 -2.02026 5
      vertex 206.535 -2.02026 0
    endloop
  endfacet
  facet normal -0.85264 -0.522498 0
    outer loop
      vertex 206.535 -2.02026 5
      vertex 206.9 -2.61564 0
      vertex 206.9 -2.61564 5
    endloop
  endfacet
  facet normal -0.760402 -0.649453 0
    outer loop
      vertex 207.353 -3.14662 0
      vertex 206.9 -2.61564 5
      vertex 206.9 -2.61564 0
    endloop
  endfacet
  facet normal -0.760402 -0.649453 0
    outer loop
      vertex 206.9 -2.61564 5
      vertex 207.353 -3.14662 0
      vertex 207.353 -3.14662 5
    endloop
  endfacet
  facet normal 0.0784598 0.996917 -0
    outer loop
      vertex 211.196 4.39521 0
      vertex 210.5 4.45 5
      vertex 211.196 4.39521 5
    endloop
  endfacet
  facet normal 0.0784598 0.996917 0
    outer loop
      vertex 210.5 4.45 5
      vertex 211.196 4.39521 0
      vertex 210.5 4.45 0
    endloop
  endfacet
  facet normal 0.382679 0.923882 -0
    outer loop
      vertex 212.52 3.96498 0
      vertex 211.875 4.2322 5
      vertex 212.52 3.96498 5
    endloop
  endfacet
  facet normal 0.382679 0.923882 0
    outer loop
      vertex 211.875 4.2322 5
      vertex 212.52 3.96498 0
      vertex 211.875 4.2322 0
    endloop
  endfacet
  facet normal -0.996918 0.078448 0
    outer loop
      vertex 206.05 0 0
      vertex 206.105 0.696133 5
      vertex 206.105 0.696133 0
    endloop
  endfacet
  facet normal -0.996918 0.078448 0
    outer loop
      vertex 206.105 0.696133 5
      vertex 206.05 0 0
      vertex 206.05 0 5
    endloop
  endfacet
  facet normal -0.0784598 0.996917 0
    outer loop
      vertex 210.5 4.45 0
      vertex 209.804 4.39521 5
      vertex 210.5 4.45 5
    endloop
  endfacet
  facet normal -0.0784598 0.996917 0
    outer loop
      vertex 209.804 4.39521 5
      vertex 210.5 4.45 0
      vertex 209.804 4.39521 0
    endloop
  endfacet
  facet normal 0.972371 -0.233443 0
    outer loop
      vertex 214.732 -1.37512 5
      vertex 214.895 -0.696133 0
      vertex 214.895 -0.696133 5
    endloop
  endfacet
  facet normal 0.972371 -0.233443 0
    outer loop
      vertex 214.895 -0.696133 0
      vertex 214.732 -1.37512 5
      vertex 214.732 -1.37512 0
    endloop
  endfacet
  facet normal 0.0784598 -0.996917 0
    outer loop
      vertex 210.5 -4.45 0
      vertex 211.196 -4.39521 5
      vertex 210.5 -4.45 5
    endloop
  endfacet
  facet normal 0.0784598 -0.996917 0
    outer loop
      vertex 211.196 -4.39521 5
      vertex 210.5 -4.45 0
      vertex 211.196 -4.39521 0
    endloop
  endfacet
  facet normal 0.233447 -0.972369 0
    outer loop
      vertex 211.196 -4.39521 0
      vertex 211.875 -4.2322 5
      vertex 211.196 -4.39521 5
    endloop
  endfacet
  facet normal 0.233447 -0.972369 0
    outer loop
      vertex 211.875 -4.2322 5
      vertex 211.196 -4.39521 0
      vertex 211.875 -4.2322 0
    endloop
  endfacet
  facet normal 0.649452 -0.760402 0
    outer loop
      vertex 213.116 -3.60013 0
      vertex 213.647 -3.14662 5
      vertex 213.116 -3.60013 5
    endloop
  endfacet
  facet normal 0.649452 -0.760402 0
    outer loop
      vertex 213.647 -3.14662 5
      vertex 213.116 -3.60013 0
      vertex 213.647 -3.14662 0
    endloop
  endfacet
  facet normal 0.923877 -0.382689 0
    outer loop
      vertex 214.465 -2.02026 5
      vertex 214.732 -1.37512 0
      vertex 214.732 -1.37512 5
    endloop
  endfacet
  facet normal 0.923877 -0.382689 0
    outer loop
      vertex 214.732 -1.37512 0
      vertex 214.465 -2.02026 5
      vertex 214.465 -2.02026 0
    endloop
  endfacet
  facet normal -0.0784598 -0.996917 0
    outer loop
      vertex 209.804 -4.39521 0
      vertex 210.5 -4.45 5
      vertex 209.804 -4.39521 5
    endloop
  endfacet
  facet normal -0.0784598 -0.996917 -0
    outer loop
      vertex 210.5 -4.45 5
      vertex 209.804 -4.39521 0
      vertex 210.5 -4.45 0
    endloop
  endfacet
  facet normal -0.522501 -0.852639 0
    outer loop
      vertex 207.884 -3.60013 0
      vertex 208.48 -3.96498 5
      vertex 207.884 -3.60013 5
    endloop
  endfacet
  facet normal -0.522501 -0.852639 -0
    outer loop
      vertex 208.48 -3.96498 5
      vertex 207.884 -3.60013 0
      vertex 208.48 -3.96498 0
    endloop
  endfacet
  facet normal -0.923877 -0.382689 0
    outer loop
      vertex 206.535 -2.02026 0
      vertex 206.268 -1.37512 5
      vertex 206.268 -1.37512 0
    endloop
  endfacet
  facet normal -0.923877 -0.382689 0
    outer loop
      vertex 206.268 -1.37512 5
      vertex 206.535 -2.02026 0
      vertex 206.535 -2.02026 5
    endloop
  endfacet
  facet normal -0.996918 -0.078448 0
    outer loop
      vertex 206.105 -0.696133 0
      vertex 206.05 0 5
      vertex 206.05 0 0
    endloop
  endfacet
  facet normal -0.996918 -0.078448 0
    outer loop
      vertex 206.05 0 5
      vertex 206.105 -0.696133 0
      vertex 206.105 -0.696133 5
    endloop
  endfacet
  facet normal 0 0 -1
    outer loop
      vertex 213.5 0 0
      vertex 214.95 0 0
      vertex 214.895 -0.696133 0
    endloop
  endfacet
  facet normal 0 0 -1
    outer loop
      vertex 213.463 -0.469303 0
      vertex 214.895 -0.696133 0
      vertex 214.732 -1.37512 0
    endloop
  endfacet
  facet normal 0 0 -1
    outer loop
      vertex 214.95 0 0
      vertex 213.5 0 0
      vertex 214.895 0.696133 0
    endloop
  endfacet
  facet normal 0 0 -1
    outer loop
      vertex 213.353 -0.927051 0
      vertex 214.732 -1.37512 0
      vertex 214.465 -2.02026 0
    endloop
  endfacet
  facet normal 0 0 -1
    outer loop
      vertex 213.463 0.469303 0
      vertex 214.895 0.696133 0
      vertex 213.5 0 0
    endloop
  endfacet
  facet normal 0 0 -1
    outer loop
      vertex 213.173 -1.36197 0
      vertex 214.465 -2.02026 0
      vertex 214.1 -2.61564 0
    endloop
  endfacet
  facet normal -0 0 -1
    outer loop
      vertex 214.895 0.696133 0
      vertex 213.463 0.469303 0
      vertex 214.732 1.37512 0
    endloop
  endfacet
  facet normal 0 0 -1
    outer loop
      vertex 212.927 -1.76336 0
      vertex 214.1 -2.61564 0
      vertex 213.647 -3.14662 0
    endloop
  endfacet
  facet normal 0 0 -1
    outer loop
      vertex 213.353 0.927051 0
      vertex 214.732 1.37512 0
      vertex 213.463 0.469303 0
    endloop
  endfacet
  facet normal -0 0 -1
    outer loop
      vertex 214.732 1.37512 0
      vertex 213.353 0.927051 0
      vertex 214.465 2.02026 0
    endloop
  endfacet
  facet normal 0 0 -1
    outer loop
      vertex 214.895 -0.696133 0
      vertex 213.463 -0.469303 0
      vertex 213.5 0 0
    endloop
  endfacet
  facet normal 0 0 -1
    outer loop
      vertex 214.732 -1.37512 0
      vertex 213.353 -0.927051 0
      vertex 213.463 -0.469303 0
    endloop
  endfacet
  facet normal 0 0 -1
    outer loop
      vertex 214.465 -2.02026 0
      vertex 213.173 -1.36197 0
      vertex 213.353 -0.927051 0
    endloop
  endfacet
  facet normal 0 0 -1
    outer loop
      vertex 212.621 -2.12132 0
      vertex 213.647 -3.14662 0
      vertex 213.116 -3.60013 0
    endloop
  endfacet
  facet normal 0 0 -1
    outer loop
      vertex 214.1 -2.61564 0
      vertex 212.927 -1.76336 0
      vertex 213.173 -1.36197 0
    endloop
  endfacet
  facet normal 0 0 -1
    outer loop
      vertex 213.647 -3.14662 0
      vertex 212.621 -2.12132 0
      vertex 212.927 -1.76336 0
    endloop
  endfacet
  facet normal 0 0 -1
    outer loop
      vertex 212.263 -2.42705 0
      vertex 213.116 -3.60013 0
      vertex 212.52 -3.96498 0
    endloop
  endfacet
  facet normal 0 0 -1
    outer loop
      vertex 213.116 -3.60013 0
      vertex 212.263 -2.42705 0
      vertex 212.621 -2.12132 0
    endloop
  endfacet
  facet normal 0 0 -1
    outer loop
      vertex 211.862 -2.67302 0
      vertex 212.52 -3.96498 0
      vertex 211.875 -4.2322 0
    endloop
  endfacet
  facet normal 0 0 -1
    outer loop
      vertex 212.52 -3.96498 0
      vertex 211.862 -2.67302 0
      vertex 212.263 -2.42705 0
    endloop
  endfacet
  facet normal 0 0 -1
    outer loop
      vertex 211.875 -4.2322 0
      vertex 211.427 -2.85317 0
      vertex 211.862 -2.67302 0
    endloop
  endfacet
  facet normal 0 0 -1
    outer loop
      vertex 211.196 -4.39521 0
      vertex 211.427 -2.85317 0
      vertex 211.875 -4.2322 0
    endloop
  endfacet
  facet normal 0 0 -1
    outer loop
      vertex 211.196 -4.39521 0
      vertex 210.969 -2.96306 0
      vertex 211.427 -2.85317 0
    endloop
  endfacet
  facet normal 0 0 -1
    outer loop
      vertex 210.5 -4.45 0
      vertex 210.969 -2.96306 0
      vertex 211.196 -4.39521 0
    endloop
  endfacet
  facet normal 0 0 -1
    outer loop
      vertex 210.5 -4.45 0
      vertex 210.5 -3 0
      vertex 210.969 -2.96306 0
    endloop
  endfacet
  facet normal 0 0 -1
    outer loop
      vertex 210.5 -4.45 0
      vertex 210.031 -2.96306 0
      vertex 210.5 -3 0
    endloop
  endfacet
  facet normal 0 0 -1
    outer loop
      vertex 209.804 -4.39521 0
      vertex 210.031 -2.96306 0
      vertex 210.5 -4.45 0
    endloop
  endfacet
  facet normal 0 0 -1
    outer loop
      vertex 209.804 -4.39521 0
      vertex 209.573 -2.85317 0
      vertex 210.031 -2.96306 0
    endloop
  endfacet
  facet normal 0 0 -1
    outer loop
      vertex 209.125 -4.2322 0
      vertex 209.573 -2.85317 0
      vertex 209.804 -4.39521 0
    endloop
  endfacet
  facet normal -0 0 -1
    outer loop
      vertex 209.573 -2.85317 0
      vertex 209.125 -4.2322 0
      vertex 209.138 -2.67302 0
    endloop
  endfacet
  facet normal 0 0 -1
    outer loop
      vertex 208.48 -3.96498 0
      vertex 209.138 -2.67302 0
      vertex 209.125 -4.2322 0
    endloop
  endfacet
  facet normal -0 0 -1
    outer loop
      vertex 209.138 -2.67302 0
      vertex 208.48 -3.96498 0
      vertex 208.737 -2.42705 0
    endloop
  endfacet
  facet normal 0 0 -1
    outer loop
      vertex 207.884 -3.60013 0
      vertex 208.737 -2.42705 0
      vertex 208.48 -3.96498 0
    endloop
  endfacet
  facet normal -0 0 -1
    outer loop
      vertex 208.737 -2.42705 0
      vertex 207.884 -3.60013 0
      vertex 208.379 -2.12132 0
    endloop
  endfacet
  facet normal 0 0 -1
    outer loop
      vertex 207.353 -3.14662 0
      vertex 208.379 -2.12132 0
      vertex 207.884 -3.60013 0
    endloop
  endfacet
  facet normal -0 0 -1
    outer loop
      vertex 208.379 -2.12132 0
      vertex 207.353 -3.14662 0
      vertex 208.073 -1.76336 0
    endloop
  endfacet
  facet normal 0 0 -1
    outer loop
      vertex 206.9 -2.61564 0
      vertex 208.073 -1.76336 0
      vertex 207.353 -3.14662 0
    endloop
  endfacet
  facet normal -0 0 -1
    outer loop
      vertex 208.073 -1.76336 0
      vertex 206.9 -2.61564 0
      vertex 207.827 -1.36197 0
    endloop
  endfacet
  facet normal -0 0 -1
    outer loop
      vertex 207.827 -1.36197 0
      vertex 206.535 -2.02026 0
      vertex 207.647 -0.927051 0
    endloop
  endfacet
  facet normal 0 0 -1
    outer loop
      vertex 206.535 -2.02026 0
      vertex 207.827 -1.36197 0
      vertex 206.9 -2.61564 0
    endloop
  endfacet
  facet normal 0 0 -1
    outer loop
      vertex 213.173 1.36197 0
      vertex 214.465 2.02026 0
      vertex 213.353 0.927051 0
    endloop
  endfacet
  facet normal -0 0 -1
    outer loop
      vertex 214.465 2.02026 0
      vertex 213.173 1.36197 0
      vertex 214.1 2.61564 0
    endloop
  endfacet
  facet normal 0 0 -1
    outer loop
      vertex 212.927 1.76336 0
      vertex 214.1 2.61564 0
      vertex 213.173 1.36197 0
    endloop
  endfacet
  facet normal -0 0 -1
    outer loop
      vertex 214.1 2.61564 0
      vertex 212.927 1.76336 0
      vertex 213.647 3.14662 0
    endloop
  endfacet
  facet normal 0 0 -1
    outer loop
      vertex 212.621 2.12132 0
      vertex 213.647 3.14662 0
      vertex 212.927 1.76336 0
    endloop
  endfacet
  facet normal -0 0 -1
    outer loop
      vertex 213.647 3.14662 0
      vertex 212.621 2.12132 0
      vertex 213.116 3.60013 0
    endloop
  endfacet
  facet normal 0 0 -1
    outer loop
      vertex 212.263 2.42705 0
      vertex 213.116 3.60013 0
      vertex 212.621 2.12132 0
    endloop
  endfacet
  facet normal -0 0 -1
    outer loop
      vertex 213.116 3.60013 0
      vertex 212.263 2.42705 0
      vertex 212.52 3.96498 0
    endloop
  endfacet
  facet normal 0 0 -1
    outer loop
      vertex 211.862 2.67302 0
      vertex 212.52 3.96498 0
      vertex 212.263 2.42705 0
    endloop
  endfacet
  facet normal -0 0 -1
    outer loop
      vertex 212.52 3.96498 0
      vertex 211.862 2.67302 0
      vertex 211.875 4.2322 0
    endloop
  endfacet
  facet normal 0 0 -1
    outer loop
      vertex 211.427 2.85317 0
      vertex 211.875 4.2322 0
      vertex 211.862 2.67302 0
    endloop
  endfacet
  facet normal 0 0 -1
    outer loop
      vertex 211.427 2.85317 0
      vertex 211.196 4.39521 0
      vertex 211.875 4.2322 0
    endloop
  endfacet
  facet normal 0 0 -1
    outer loop
      vertex 210.969 2.96306 0
      vertex 211.196 4.39521 0
      vertex 211.427 2.85317 0
    endloop
  endfacet
  facet normal 0 0 -1
    outer loop
      vertex 210.5 3 0
      vertex 211.196 4.39521 0
      vertex 210.969 2.96306 0
    endloop
  endfacet
  facet normal 0 0 -1
    outer loop
      vertex 210.5 3 0
      vertex 210.5 4.45 0
      vertex 211.196 4.39521 0
    endloop
  endfacet
  facet normal 0 0 -1
    outer loop
      vertex 210.031 2.96306 0
      vertex 210.5 4.45 0
      vertex 210.5 3 0
    endloop
  endfacet
  facet normal 0 0 -1
    outer loop
      vertex 210.031 2.96306 0
      vertex 209.804 4.39521 0
      vertex 210.5 4.45 0
    endloop
  endfacet
  facet normal 0 0 -1
    outer loop
      vertex 209.573 2.85317 0
      vertex 209.804 4.39521 0
      vertex 210.031 2.96306 0
    endloop
  endfacet
  facet normal 0 0 -1
    outer loop
      vertex 209.125 4.2322 0
      vertex 209.573 2.85317 0
      vertex 209.138 2.67302 0
    endloop
  endfacet
  facet normal 0 0 -1
    outer loop
      vertex 209.573 2.85317 0
      vertex 209.125 4.2322 0
      vertex 209.804 4.39521 0
    endloop
  endfacet
  facet normal 0 0 -1
    outer loop
      vertex 208.48 3.96498 0
      vertex 209.138 2.67302 0
      vertex 208.737 2.42705 0
    endloop
  endfacet
  facet normal 0 0 -1
    outer loop
      vertex 209.138 2.67302 0
      vertex 208.48 3.96498 0
      vertex 209.125 4.2322 0
    endloop
  endfacet
  facet normal 0 0 -1
    outer loop
      vertex 207.884 3.60013 0
      vertex 208.737 2.42705 0
      vertex 208.379 2.12132 0
    endloop
  endfacet
  facet normal 0 0 -1
    outer loop
      vertex 207.353 3.14662 0
      vertex 208.379 2.12132 0
      vertex 208.073 1.76336 0
    endloop
  endfacet
  facet normal 0 0 -1
    outer loop
      vertex 208.737 2.42705 0
      vertex 207.884 3.60013 0
      vertex 208.48 3.96498 0
    endloop
  endfacet
  facet normal 0 0 -1
    outer loop
      vertex 206.9 2.61564 0
      vertex 208.073 1.76336 0
      vertex 207.827 1.36197 0
    endloop
  endfacet
  facet normal 0 0 -1
    outer loop
      vertex 206.535 2.02026 0
      vertex 207.827 1.36197 0
      vertex 207.647 0.927051 0
    endloop
  endfacet
  facet normal 0 0 -1
    outer loop
      vertex 206.268 1.37512 0
      vertex 207.647 0.927051 0
      vertex 207.537 0.469303 0
    endloop
  endfacet
  facet normal 0 0 -1
    outer loop
      vertex 208.379 2.12132 0
      vertex 207.353 3.14662 0
      vertex 207.884 3.60013 0
    endloop
  endfacet
  facet normal 0 0 -1
    outer loop
      vertex 206.105 0.696133 0
      vertex 207.537 0.469303 0
      vertex 207.5 0 0
    endloop
  endfacet
  facet normal 0 0 -1
    outer loop
      vertex 206.268 -1.37512 0
      vertex 207.647 -0.927051 0
      vertex 206.535 -2.02026 0
    endloop
  endfacet
  facet normal -0 0 -1
    outer loop
      vertex 207.647 -0.927051 0
      vertex 206.268 -1.37512 0
      vertex 207.537 -0.469303 0
    endloop
  endfacet
  facet normal 0 0 -1
    outer loop
      vertex 208.073 1.76336 0
      vertex 206.9 2.61564 0
      vertex 207.353 3.14662 0
    endloop
  endfacet
  facet normal 0 0 -1
    outer loop
      vertex 206.105 -0.696133 0
      vertex 207.537 -0.469303 0
      vertex 206.268 -1.37512 0
    endloop
  endfacet
  facet normal 0 0 -1
    outer loop
      vertex 207.827 1.36197 0
      vertex 206.535 2.02026 0
      vertex 206.9 2.61564 0
    endloop
  endfacet
  facet normal -0 0 -1
    outer loop
      vertex 207.537 -0.469303 0
      vertex 206.105 -0.696133 0
      vertex 207.5 0 0
    endloop
  endfacet
  facet normal 0 0 -1
    outer loop
      vertex 207.647 0.927051 0
      vertex 206.268 1.37512 0
      vertex 206.535 2.02026 0
    endloop
  endfacet
  facet normal 0 0 -1
    outer loop
      vertex 206.05 0 0
      vertex 207.5 0 0
      vertex 206.105 -0.696133 0
    endloop
  endfacet
  facet normal 0 0 -1
    outer loop
      vertex 207.537 0.469303 0
      vertex 206.105 0.696133 0
      vertex 206.268 1.37512 0
    endloop
  endfacet
  facet normal 0 0 -1
    outer loop
      vertex 207.5 0 0
      vertex 206.05 0 0
      vertex 206.105 0.696133 0
    endloop
  endfacet
  facet normal 0.233447 0.972369 -0
    outer loop
      vertex 211.875 4.2322 0
      vertex 211.196 4.39521 5
      vertex 211.875 4.2322 5
    endloop
  endfacet
  facet normal 0.233447 0.972369 0
    outer loop
      vertex 211.196 4.39521 5
      vertex 211.875 4.2322 0
      vertex 211.196 4.39521 0
    endloop
  endfacet
  facet normal 0.996918 -0.078448 0
    outer loop
      vertex 214.895 -0.696133 5
      vertex 214.95 0 0
      vertex 214.95 0 5
    endloop
  endfacet
  facet normal 0.996918 -0.078448 0
    outer loop
      vertex 214.95 0 0
      vertex 214.895 -0.696133 5
      vertex 214.895 -0.696133 0
    endloop
  endfacet
  facet normal 0.760402 -0.649453 0
    outer loop
      vertex 213.647 -3.14662 5
      vertex 214.1 -2.61564 0
      vertex 214.1 -2.61564 5
    endloop
  endfacet
  facet normal 0.760402 -0.649453 0
    outer loop
      vertex 214.1 -2.61564 0
      vertex 213.647 -3.14662 5
      vertex 213.647 -3.14662 0
    endloop
  endfacet
  facet normal -0.972371 -0.233443 0
    outer loop
      vertex 206.268 -1.37512 0
      vertex 206.105 -0.696133 5
      vertex 206.105 -0.696133 0
    endloop
  endfacet
  facet normal -0.972371 -0.233443 0
    outer loop
      vertex 206.105 -0.696133 5
      vertex 206.268 -1.37512 0
      vertex 206.268 -1.37512 5
    endloop
  endfacet
  facet normal -0.996916 -0.078473 0
    outer loop
      vertex 213.5 0 0
      vertex 213.463 0.469303 5
      vertex 213.463 0.469303 0
    endloop
  endfacet
  facet normal -0.996916 -0.078473 0
    outer loop
      vertex 213.463 0.469303 5
      vertex 213.5 0 0
      vertex 213.5 0 5
    endloop
  endfacet
  facet normal 0.996916 -0.078473 0
    outer loop
      vertex 207.5 0 5
      vertex 207.537 0.469303 0
      vertex 207.537 0.469303 5
    endloop
  endfacet
  facet normal 0.996916 -0.078473 0
    outer loop
      vertex 207.537 0.469303 0
      vertex 207.5 0 5
      vertex 207.5 0 0
    endloop
  endfacet
  facet normal -0.0784615 -0.996917 0
    outer loop
      vertex 210.5 3 0
      vertex 210.969 2.96306 5
      vertex 210.5 3 5
    endloop
  endfacet
  facet normal -0.0784615 -0.996917 -0
    outer loop
      vertex 210.969 2.96306 5
      vertex 210.5 3 0
      vertex 210.969 2.96306 0
    endloop
  endfacet
  facet normal 0.0784615 0.996917 -0
    outer loop
      vertex 210.5 -3 0
      vertex 210.031 -2.96306 5
      vertex 210.5 -3 5
    endloop
  endfacet
  facet normal 0.0784615 0.996917 0
    outer loop
      vertex 210.031 -2.96306 5
      vertex 210.5 -3 0
      vertex 210.031 -2.96306 0
    endloop
  endfacet
  facet normal -0.649441 -0.760412 0
    outer loop
      vertex 212.263 2.42705 0
      vertex 212.621 2.12132 5
      vertex 212.263 2.42705 5
    endloop
  endfacet
  facet normal -0.649441 -0.760412 -0
    outer loop
      vertex 212.621 2.12132 5
      vertex 212.263 2.42705 0
      vertex 212.621 2.12132 0
    endloop
  endfacet
  facet normal 0.649441 -0.760412 0
    outer loop
      vertex 208.379 2.12132 0
      vertex 208.737 2.42705 5
      vertex 208.379 2.12132 5
    endloop
  endfacet
  facet normal 0.649441 -0.760412 0
    outer loop
      vertex 208.737 2.42705 5
      vertex 208.379 2.12132 0
      vertex 208.737 2.42705 0
    endloop
  endfacet
  facet normal 0.382683 -0.92388 0
    outer loop
      vertex 209.138 2.67302 0
      vertex 209.573 2.85317 5
      vertex 209.138 2.67302 5
    endloop
  endfacet
  facet normal 0.382683 -0.92388 0
    outer loop
      vertex 209.573 2.85317 5
      vertex 209.138 2.67302 0
      vertex 209.573 2.85317 0
    endloop
  endfacet
  facet normal -0.852637 0.522503 0
    outer loop
      vertex 212.927 -1.76336 0
      vertex 213.173 -1.36197 5
      vertex 213.173 -1.36197 0
    endloop
  endfacet
  facet normal -0.852637 0.522503 0
    outer loop
      vertex 213.173 -1.36197 5
      vertex 212.927 -1.76336 0
      vertex 212.927 -1.76336 5
    endloop
  endfacet
  facet normal -0.923883 -0.382675 0
    outer loop
      vertex 213.353 0.927051 0
      vertex 213.173 1.36197 5
      vertex 213.173 1.36197 0
    endloop
  endfacet
  facet normal -0.923883 -0.382675 0
    outer loop
      vertex 213.173 1.36197 5
      vertex 213.353 0.927051 0
      vertex 213.353 0.927051 5
    endloop
  endfacet
  facet normal -0.972371 -0.233442 0
    outer loop
      vertex 213.463 0.469303 0
      vertex 213.353 0.927051 5
      vertex 213.353 0.927051 0
    endloop
  endfacet
  facet normal -0.972371 -0.233442 0
    outer loop
      vertex 213.353 0.927051 5
      vertex 213.463 0.469303 0
      vertex 213.463 0.469303 5
    endloop
  endfacet
  facet normal -0.852637 -0.522503 0
    outer loop
      vertex 213.173 1.36197 0
      vertex 212.927 1.76336 5
      vertex 212.927 1.76336 0
    endloop
  endfacet
  facet normal -0.852637 -0.522503 0
    outer loop
      vertex 212.927 1.76336 5
      vertex 213.173 1.36197 0
      vertex 213.173 1.36197 5
    endloop
  endfacet
  facet normal -0.382683 -0.92388 0
    outer loop
      vertex 211.427 2.85317 0
      vertex 211.862 2.67302 5
      vertex 211.427 2.85317 5
    endloop
  endfacet
  facet normal -0.382683 -0.92388 -0
    outer loop
      vertex 211.862 2.67302 5
      vertex 211.427 2.85317 0
      vertex 211.862 2.67302 0
    endloop
  endfacet
  facet normal -0.233444 -0.97237 0
    outer loop
      vertex 210.969 2.96306 0
      vertex 211.427 2.85317 5
      vertex 210.969 2.96306 5
    endloop
  endfacet
  facet normal -0.233444 -0.97237 -0
    outer loop
      vertex 211.427 2.85317 5
      vertex 210.969 2.96306 0
      vertex 211.427 2.85317 0
    endloop
  endfacet
  facet normal -0.522501 -0.852639 0
    outer loop
      vertex 211.862 2.67302 0
      vertex 212.263 2.42705 5
      vertex 211.862 2.67302 5
    endloop
  endfacet
  facet normal -0.522501 -0.852639 -0
    outer loop
      vertex 212.263 2.42705 5
      vertex 211.862 2.67302 0
      vertex 212.263 2.42705 0
    endloop
  endfacet
  facet normal 0.852637 -0.522503 0
    outer loop
      vertex 207.827 1.36197 5
      vertex 208.073 1.76336 0
      vertex 208.073 1.76336 5
    endloop
  endfacet
  facet normal 0.852637 -0.522503 0
    outer loop
      vertex 208.073 1.76336 0
      vertex 207.827 1.36197 5
      vertex 207.827 1.36197 0
    endloop
  endfacet
  facet normal 0.760412 -0.649441 0
    outer loop
      vertex 208.073 1.76336 5
      vertex 208.379 2.12132 0
      vertex 208.379 2.12132 5
    endloop
  endfacet
  facet normal 0.760412 -0.649441 0
    outer loop
      vertex 208.379 2.12132 0
      vertex 208.073 1.76336 5
      vertex 208.073 1.76336 0
    endloop
  endfacet
  facet normal 0.923883 -0.382675 0
    outer loop
      vertex 207.647 0.927051 5
      vertex 207.827 1.36197 0
      vertex 207.827 1.36197 5
    endloop
  endfacet
  facet normal 0.923883 -0.382675 0
    outer loop
      vertex 207.827 1.36197 0
      vertex 207.647 0.927051 5
      vertex 207.647 0.927051 0
    endloop
  endfacet
  facet normal 0.522501 -0.852639 0
    outer loop
      vertex 208.737 2.42705 0
      vertex 209.138 2.67302 5
      vertex 208.737 2.42705 5
    endloop
  endfacet
  facet normal 0.522501 -0.852639 0
    outer loop
      vertex 209.138 2.67302 5
      vertex 208.737 2.42705 0
      vertex 209.138 2.67302 0
    endloop
  endfacet
  facet normal 0.233444 -0.97237 0
    outer loop
      vertex 209.573 2.85317 0
      vertex 210.031 2.96306 5
      vertex 209.573 2.85317 5
    endloop
  endfacet
  facet normal 0.233444 -0.97237 0
    outer loop
      vertex 210.031 2.96306 5
      vertex 209.573 2.85317 0
      vertex 210.031 2.96306 0
    endloop
  endfacet
  facet normal -0.760412 0.649441 0
    outer loop
      vertex 212.621 -2.12132 0
      vertex 212.927 -1.76336 5
      vertex 212.927 -1.76336 0
    endloop
  endfacet
  facet normal -0.760412 0.649441 0
    outer loop
      vertex 212.927 -1.76336 5
      vertex 212.621 -2.12132 0
      vertex 212.621 -2.12132 5
    endloop
  endfacet
  facet normal -0.522501 0.852639 0
    outer loop
      vertex 212.263 -2.42705 0
      vertex 211.862 -2.67302 5
      vertex 212.263 -2.42705 5
    endloop
  endfacet
  facet normal -0.522501 0.852639 0
    outer loop
      vertex 211.862 -2.67302 5
      vertex 212.263 -2.42705 0
      vertex 211.862 -2.67302 0
    endloop
  endfacet
  facet normal 0.522501 0.852639 -0
    outer loop
      vertex 209.138 -2.67302 0
      vertex 208.737 -2.42705 5
      vertex 209.138 -2.67302 5
    endloop
  endfacet
  facet normal 0.522501 0.852639 0
    outer loop
      vertex 208.737 -2.42705 5
      vertex 209.138 -2.67302 0
      vertex 208.737 -2.42705 0
    endloop
  endfacet
  facet normal 0.649441 0.760412 -0
    outer loop
      vertex 208.737 -2.42705 0
      vertex 208.379 -2.12132 5
      vertex 208.737 -2.42705 5
    endloop
  endfacet
  facet normal 0.649441 0.760412 0
    outer loop
      vertex 208.379 -2.12132 5
      vertex 208.737 -2.42705 0
      vertex 208.379 -2.12132 0
    endloop
  endfacet
  facet normal 0.382683 0.92388 -0
    outer loop
      vertex 209.573 -2.85317 0
      vertex 209.138 -2.67302 5
      vertex 209.573 -2.85317 5
    endloop
  endfacet
  facet normal 0.382683 0.92388 0
    outer loop
      vertex 209.138 -2.67302 5
      vertex 209.573 -2.85317 0
      vertex 209.138 -2.67302 0
    endloop
  endfacet
  facet normal 0.852637 0.522503 0
    outer loop
      vertex 208.073 -1.76336 5
      vertex 207.827 -1.36197 0
      vertex 207.827 -1.36197 5
    endloop
  endfacet
  facet normal 0.852637 0.522503 0
    outer loop
      vertex 207.827 -1.36197 0
      vertex 208.073 -1.76336 5
      vertex 208.073 -1.76336 0
    endloop
  endfacet
  facet normal 0.760412 0.649441 0
    outer loop
      vertex 208.379 -2.12132 5
      vertex 208.073 -1.76336 0
      vertex 208.073 -1.76336 5
    endloop
  endfacet
  facet normal 0.760412 0.649441 0
    outer loop
      vertex 208.073 -1.76336 0
      vertex 208.379 -2.12132 5
      vertex 208.379 -2.12132 0
    endloop
  endfacet
  facet normal -0.760412 -0.649441 0
    outer loop
      vertex 212.927 1.76336 0
      vertex 212.621 2.12132 5
      vertex 212.621 2.12132 0
    endloop
  endfacet
  facet normal -0.760412 -0.649441 0
    outer loop
      vertex 212.621 2.12132 5
      vertex 212.927 1.76336 0
      vertex 212.927 1.76336 5
    endloop
  endfacet
  facet normal 0.972371 -0.233442 0
    outer loop
      vertex 207.537 0.469303 5
      vertex 207.647 0.927051 0
      vertex 207.647 0.927051 5
    endloop
  endfacet
  facet normal 0.972371 -0.233442 0
    outer loop
      vertex 207.647 0.927051 0
      vertex 207.537 0.469303 5
      vertex 207.537 0.469303 0
    endloop
  endfacet
  facet normal 0.0784615 -0.996917 0
    outer loop
      vertex 210.031 2.96306 0
      vertex 210.5 3 5
      vertex 210.031 2.96306 5
    endloop
  endfacet
  facet normal 0.0784615 -0.996917 0
    outer loop
      vertex 210.5 3 5
      vertex 210.031 2.96306 0
      vertex 210.5 3 0
    endloop
  endfacet
  facet normal -0.0784615 0.996917 0
    outer loop
      vertex 210.969 -2.96306 0
      vertex 210.5 -3 5
      vertex 210.969 -2.96306 5
    endloop
  endfacet
  facet normal -0.0784615 0.996917 0
    outer loop
      vertex 210.5 -3 5
      vertex 210.969 -2.96306 0
      vertex 210.5 -3 0
    endloop
  endfacet
  facet normal -0.382683 0.92388 0
    outer loop
      vertex 211.862 -2.67302 0
      vertex 211.427 -2.85317 5
      vertex 211.862 -2.67302 5
    endloop
  endfacet
  facet normal -0.382683 0.92388 0
    outer loop
      vertex 211.427 -2.85317 5
      vertex 211.862 -2.67302 0
      vertex 211.427 -2.85317 0
    endloop
  endfacet
  facet normal -0.649441 0.760412 0
    outer loop
      vertex 212.621 -2.12132 0
      vertex 212.263 -2.42705 5
      vertex 212.621 -2.12132 5
    endloop
  endfacet
  facet normal -0.649441 0.760412 0
    outer loop
      vertex 212.263 -2.42705 5
      vertex 212.621 -2.12132 0
      vertex 212.263 -2.42705 0
    endloop
  endfacet
  facet normal -0.923883 0.382675 0
    outer loop
      vertex 213.173 -1.36197 0
      vertex 213.353 -0.927051 5
      vertex 213.353 -0.927051 0
    endloop
  endfacet
  facet normal -0.923883 0.382675 0
    outer loop
      vertex 213.353 -0.927051 5
      vertex 213.173 -1.36197 0
      vertex 213.173 -1.36197 5
    endloop
  endfacet
  facet normal -0.972371 0.233442 0
    outer loop
      vertex 213.353 -0.927051 0
      vertex 213.463 -0.469303 5
      vertex 213.463 -0.469303 0
    endloop
  endfacet
  facet normal -0.972371 0.233442 0
    outer loop
      vertex 213.463 -0.469303 5
      vertex 213.353 -0.927051 0
      vertex 213.353 -0.927051 5
    endloop
  endfacet
  facet normal 0.233444 0.97237 -0
    outer loop
      vertex 210.031 -2.96306 0
      vertex 209.573 -2.85317 5
      vertex 210.031 -2.96306 5
    endloop
  endfacet
  facet normal 0.233444 0.97237 0
    outer loop
      vertex 209.573 -2.85317 5
      vertex 210.031 -2.96306 0
      vertex 209.573 -2.85317 0
    endloop
  endfacet
  facet normal 0.923883 0.382675 0
    outer loop
      vertex 207.827 -1.36197 5
      vertex 207.647 -0.927051 0
      vertex 207.647 -0.927051 5
    endloop
  endfacet
  facet normal 0.923883 0.382675 0
    outer loop
      vertex 207.647 -0.927051 0
      vertex 207.827 -1.36197 5
      vertex 207.827 -1.36197 0
    endloop
  endfacet
  facet normal 0.996916 0.078473 0
    outer loop
      vertex 207.537 -0.469303 5
      vertex 207.5 0 0
      vertex 207.5 0 5
    endloop
  endfacet
  facet normal 0.996916 0.078473 0
    outer loop
      vertex 207.5 0 0
      vertex 207.537 -0.469303 5
      vertex 207.537 -0.469303 0
    endloop
  endfacet
  facet normal -0.233444 0.97237 0
    outer loop
      vertex 211.427 -2.85317 0
      vertex 210.969 -2.96306 5
      vertex 211.427 -2.85317 5
    endloop
  endfacet
  facet normal -0.233444 0.97237 0
    outer loop
      vertex 210.969 -2.96306 5
      vertex 211.427 -2.85317 0
      vertex 210.969 -2.96306 0
    endloop
  endfacet
  facet normal -0.996916 0.078473 0
    outer loop
      vertex 213.463 -0.469303 0
      vertex 213.5 0 5
      vertex 213.5 0 0
    endloop
  endfacet
  facet normal -0.996916 0.078473 0
    outer loop
      vertex 213.5 0 5
      vertex 213.463 -0.469303 0
      vertex 213.463 -0.469303 5
    endloop
  endfacet
  facet normal 0.972371 0.233442 0
    outer loop
      vertex 207.647 -0.927051 5
      vertex 207.537 -0.469303 0
      vertex 207.537 -0.469303 5
    endloop
  endfacet
  facet normal 0.972371 0.233442 0
    outer loop
      vertex 207.537 -0.469303 0
      vertex 207.647 -0.927051 5
      vertex 207.647 -0.927051 0
    endloop
  endfacet
  facet normal 0.0784615 -0.996917 0
    outer loop
      vertex 227.25 -28 5
      vertex 227.719 -27.9631 8
      vertex 227.25 -28 8
    endloop
  endfacet
  facet normal 0.0784615 -0.996917 0
    outer loop
      vertex 227.719 -27.9631 8
      vertex 227.25 -28 5
      vertex 227.719 -27.9631 5
    endloop
  endfacet
  facet normal 0 0 1
    outer loop
      vertex 114.586 4.89062 8
      vertex 115.016 4.21875 8
      vertex 114.996 4.42188 8
    endloop
  endfacet
  facet normal 0 0 1
    outer loop
      vertex 114.586 4.89062 8
      vertex 114.996 4.42188 8
      vertex 114.918 4.60938 8
    endloop
  endfacet
  facet normal 0 0 1
    outer loop
      vertex 115.016 4.21875 8
      vertex 114.586 4.89062 8
      vertex 114.984 3.98828 8
    endloop
  endfacet
  facet normal 0 0 1
    outer loop
      vertex 114.324 4.98828 8
      vertex 114.984 3.98828 8
      vertex 114.586 4.89062 8
    endloop
  endfacet
  facet normal 0 0 1
    outer loop
      vertex 114.586 4.89062 8
      vertex 114.918 4.60938 8
      vertex 114.785 4.77344 8
    endloop
  endfacet
  facet normal 0 0 1
    outer loop
      vertex 114.984 3.98828 8
      vertex 114.324 4.98828 8
      vertex 114.914 3.74219 8
    endloop
  endfacet
  facet normal 0 0 1
    outer loop
      vertex 113.988 5.05078 8
      vertex 114.914 3.74219 8
      vertex 114.324 4.98828 8
    endloop
  endfacet
  facet normal 0 0 1
    outer loop
      vertex 114.914 3.74219 8
      vertex 113.988 5.05078 8
      vertex 114.801 3.48047 8
    endloop
  endfacet
  facet normal 0 0 1
    outer loop
      vertex 113.586 5.06641 8
      vertex 114.801 3.48047 8
      vertex 113.988 5.05078 8
    endloop
  endfacet
  facet normal 0 0 1
    outer loop
      vertex 114.801 3.48047 8
      vertex 113.586 5.06641 8
      vertex 114.652 3.20312 8
    endloop
  endfacet
  facet normal 0 0 1
    outer loop
      vertex 114.652 3.20312 8
      vertex 113.586 5.06641 8
      vertex 114.473 2.91016 8
    endloop
  endfacet
  facet normal 0 0 1
    outer loop
      vertex 114.473 2.91016 8
      vertex 113.586 5.06641 8
      vertex 114.156 2.50781 8
    endloop
  endfacet
  facet normal 0 0 1
    outer loop
      vertex 114.156 2.50781 8
      vertex 113.586 5.06641 8
      vertex 113.793 2.15234 8
    endloop
  endfacet
  facet normal 0 0 1
    outer loop
      vertex 113.586 5.06641 8
      vertex 113.371 1.82031 8
      vertex 113.793 2.15234 8
    endloop
  endfacet
  facet normal 0 0 1
    outer loop
      vertex 113.586 5.06641 8
      vertex 112.895 1.53516 8
      vertex 113.371 1.82031 8
    endloop
  endfacet
  facet normal 0 0 1
    outer loop
      vertex 113.586 5.06641 8
      vertex 112.367 1.27344 8
      vertex 112.895 1.53516 8
    endloop
  endfacet
  facet normal 0 0 1
    outer loop
      vertex 113.586 5.06641 8
      vertex 111.77 1.05469 8
      vertex 112.367 1.27344 8
    endloop
  endfacet
  facet normal 0 0 1
    outer loop
      vertex 113.586 5.06641 8
      vertex 111.113 0.867188 8
      vertex 111.77 1.05469 8
    endloop
  endfacet
  facet normal 0 0 1
    outer loop
      vertex 113.586 5.06641 8
      vertex 110.402 0.707031 8
      vertex 111.113 0.867188 8
    endloop
  endfacet
  facet normal 0 0 1
    outer loop
      vertex 113.586 5.06641 8
      vertex 109.621 0.589844 8
      vertex 110.402 0.707031 8
    endloop
  endfacet
  facet normal 0 0 1
    outer loop
      vertex 113.586 5.06641 8
      vertex 108.789 0.507812 8
      vertex 109.621 0.589844 8
    endloop
  endfacet
  facet normal 0 0 1
    outer loop
      vertex 113.586 5.06641 8
      vertex 107.879 0.457031 8
      vertex 108.789 0.507812 8
    endloop
  endfacet
  facet normal 0 0 1
    outer loop
      vertex 113.586 5.06641 8
      vertex 106.91 0.441406 8
      vertex 107.879 0.457031 8
    endloop
  endfacet
  facet normal -0 0 1
    outer loop
      vertex 100.602 5.06641 8
      vertex 106.91 0.441406 8
      vertex 113.586 5.06641 8
    endloop
  endfacet
  facet normal 0 0 1
    outer loop
      vertex 100.602 5.06641 8
      vertex 100.355 0.441406 8
      vertex 106.91 0.441406 8
    endloop
  endfacet
  facet normal -0 0 1
    outer loop
      vertex 100.031 5.03906 8
      vertex 100.355 0.441406 8
      vertex 100.602 5.06641 8
    endloop
  endfacet
  facet normal -0 0 1
    outer loop
      vertex 98.207 3.56641 8
      vertex 100.355 0.441406 8
      vertex 100.031 5.03906 8
    endloop
  endfacet
  facet normal 0 0 1
    outer loop
      vertex 100.355 0.441406 8
      vertex 98.207 3.56641 8
      vertex 100.238 0.425781 8
    endloop
  endfacet
  facet normal 0 0 1
    outer loop
      vertex 100.238 0.425781 8
      vertex 98.207 3.56641 8
      vertex 100.141 0.398438 8
    endloop
  endfacet
  facet normal 0 0 1
    outer loop
      vertex 100.141 0.398438 8
      vertex 98.207 3.56641 8
      vertex 100.047 0.355469 8
    endloop
  endfacet
  facet normal 0 0 1
    outer loop
      vertex 100.047 0.355469 8
      vertex 98.207 3.56641 8
      vertex 99.957 0.289062 8
    endloop
  endfacet
  facet normal 0 0 1
    outer loop
      vertex 99.957 0.289062 8
      vertex 98.207 3.56641 8
      vertex 99.8477 0.121094 8
    endloop
  endfacet
  facet normal 0 0 1
    outer loop
      vertex 95.9414 -0.898438 8
      vertex 99.8477 0.121094 8
      vertex 98.207 3.56641 8
    endloop
  endfacet
  facet normal 0 0 1
    outer loop
      vertex 99.8477 0.121094 8
      vertex 95.9414 -0.898438 8
      vertex 99.8164 0.0351562 8
    endloop
  endfacet
  facet normal 0 0 1
    outer loop
      vertex 98.207 3.56641 8
      vertex 100.031 5.03906 8
      vertex 99.7812 4.98828 8
    endloop
  endfacet
  facet normal -0 0 1
    outer loop
      vertex 114.102 -3.61328 8
      vertex 114.109 -3.64844 8
      vertex 114.84 -3.40625 8
    endloop
  endfacet
  facet normal 0 0 1
    outer loop
      vertex 114.109 -3.64844 8
      vertex 114.102 -3.61328 8
      vertex 114.098 -3.63672 8
    endloop
  endfacet
  facet normal 0 0 1
    outer loop
      vertex 165.074 9.74219 8
      vertex 160.02 -9.70703 8
      vertex 160.062 -9.88281 8
    endloop
  endfacet
  facet normal 0 0 1
    outer loop
      vertex 164.98 9.64844 8
      vertex 159.984 -9.62891 8
      vertex 160.02 -9.70703 8
    endloop
  endfacet
  facet normal 0 0 1
    outer loop
      vertex 164.852 9.55859 8
      vertex 159.914 -9.55078 8
      vertex 159.984 -9.62891 8
    endloop
  endfacet
  facet normal -0 0 1
    outer loop
      vertex 159.555 6.51562 8
      vertex 159.914 -9.55078 8
      vertex 164.852 9.55859 8
    endloop
  endfacet
  facet normal 0 0 1
    outer loop
      vertex 159.555 6.51562 8
      vertex 154.43 -4.54688 8
      vertex 159.914 -9.55078 8
    endloop
  endfacet
  facet normal -0 0 1
    outer loop
      vertex 148.922 0.476562 8
      vertex 154.43 -4.54688 8
      vertex 159.555 6.51562 8
    endloop
  endfacet
  facet normal 0 0 1
    outer loop
      vertex 148.922 0.476562 8
      vertex 148.922 0.429688 8
      vertex 154.43 -4.54688 8
    endloop
  endfacet
  facet normal 0 -0 1
    outer loop
      vertex 148.922 0.429688 8
      vertex 148.922 0.476562 8
      vertex 148.91 0.449219 8
    endloop
  endfacet
  facet normal 0 0 1
    outer loop
      vertex 227.25 28 8
      vertex 230.25 25 8
      vertex 230.213 25.4693 8
    endloop
  endfacet
  facet normal 0 0 1
    outer loop
      vertex 230.25 25 8
      vertex 227.25 28 8
      vertex 230.25 -25 8
    endloop
  endfacet
  facet normal 0 0 1
    outer loop
      vertex 227.25 28 8
      vertex 230.213 25.4693 8
      vertex 230.103 25.9271 8
    endloop
  endfacet
  facet normal 0 0 1
    outer loop
      vertex 227.25 -28 8
      vertex 230.25 -25 8
      vertex 227.25 28 8
    endloop
  endfacet
  facet normal 0 0 1
    outer loop
      vertex 227.25 28 8
      vertex 230.103 25.9271 8
      vertex 229.923 26.362 8
    endloop
  endfacet
  facet normal 0 0 1
    outer loop
      vertex 230.25 -25 8
      vertex 227.25 -28 8
      vertex 230.213 -25.4693 8
    endloop
  endfacet
  facet normal 0 0 1
    outer loop
      vertex 227.25 28 8
      vertex 229.923 26.362 8
      vertex 229.677 26.7634 8
    endloop
  endfacet
  facet normal 0 0 1
    outer loop
      vertex 230.213 -25.4693 8
      vertex 227.25 -28 8
      vertex 230.103 -25.9271 8
    endloop
  endfacet
  facet normal 0 0 1
    outer loop
      vertex 227.25 28 8
      vertex 229.677 26.7634 8
      vertex 229.371 27.1213 8
    endloop
  endfacet
  facet normal 0 0 1
    outer loop
      vertex 230.103 -25.9271 8
      vertex 227.25 -28 8
      vertex 229.923 -26.362 8
    endloop
  endfacet
  facet normal 0 0 1
    outer loop
      vertex 227.25 28 8
      vertex 229.371 27.1213 8
      vertex 229.013 27.4271 8
    endloop
  endfacet
  facet normal 0 0 1
    outer loop
      vertex 229.923 -26.362 8
      vertex 227.25 -28 8
      vertex 229.677 -26.7634 8
    endloop
  endfacet
  facet normal 0 0 1
    outer loop
      vertex 227.25 28 8
      vertex 229.013 27.4271 8
      vertex 228.612 27.673 8
    endloop
  endfacet
  facet normal 0 0 1
    outer loop
      vertex 229.677 -26.7634 8
      vertex 227.25 -28 8
      vertex 229.371 -27.1213 8
    endloop
  endfacet
  facet normal 0 0 1
    outer loop
      vertex 227.25 28 8
      vertex 228.612 27.673 8
      vertex 228.177 27.8532 8
    endloop
  endfacet
  facet normal 0 0 1
    outer loop
      vertex 229.371 -27.1213 8
      vertex 227.25 -28 8
      vertex 229.013 -27.4271 8
    endloop
  endfacet
  facet normal 0 0 1
    outer loop
      vertex 227.25 28 8
      vertex 228.177 27.8532 8
      vertex 227.719 27.9631 8
    endloop
  endfacet
  facet normal 0 0 1
    outer loop
      vertex 229.013 -27.4271 8
      vertex 227.25 -28 8
      vertex 228.612 -27.673 8
    endloop
  endfacet
  facet normal 0 0 1
    outer loop
      vertex 228.612 -27.673 8
      vertex 227.25 -28 8
      vertex 228.177 -27.8532 8
    endloop
  endfacet
  facet normal 0 0 1
    outer loop
      vertex 228.177 -27.8532 8
      vertex 227.25 -28 8
      vertex 227.719 -27.9631 8
    endloop
  endfacet
  facet normal 0 0 1
    outer loop
      vertex 165.184 9.94922 8
      vertex 227.25 28 8
      vertex 165.207 10.0547 8
    endloop
  endfacet
  facet normal 0 0 1
    outer loop
      vertex 227.25 28 8
      vertex 165.195 10.1602 8
      vertex 165.207 10.0547 8
    endloop
  endfacet
  facet normal 0 0 1
    outer loop
      vertex 227.25 28 8
      vertex 165.168 10.2539 8
      vertex 165.195 10.1602 8
    endloop
  endfacet
  facet normal 0 0 1
    outer loop
      vertex 227.25 28 8
      vertex 165.105 10.3477 8
      vertex 165.168 10.2539 8
    endloop
  endfacet
  facet normal 0 0 1
    outer loop
      vertex 227.25 28 8
      vertex 165.023 10.4258 8
      vertex 165.105 10.3477 8
    endloop
  endfacet
  facet normal 0 0 1
    outer loop
      vertex 227.25 28 8
      vertex 164.926 10.4805 8
      vertex 165.023 10.4258 8
    endloop
  endfacet
  facet normal 0 0 1
    outer loop
      vertex 227.25 28 8
      vertex 164.797 10.5195 8
      vertex 164.926 10.4805 8
    endloop
  endfacet
  facet normal 0 0 1
    outer loop
      vertex 227.25 28 8
      vertex 164.645 10.5352 8
      vertex 164.797 10.5195 8
    endloop
  endfacet
  facet normal 0 0 1
    outer loop
      vertex 227.25 28 8
      vertex 154.297 10.5391 8
      vertex 164.645 10.5352 8
    endloop
  endfacet
  facet normal -0 0 1
    outer loop
      vertex 137.137 10.5469 8
      vertex 154.297 10.5391 8
      vertex 227.25 28 8
    endloop
  endfacet
  facet normal 0 0 1
    outer loop
      vertex 154.297 10.5391 8
      vertex 137.137 10.5469 8
      vertex 154.082 10.5234 8
    endloop
  endfacet
  facet normal -0 0 1
    outer loop
      vertex 141.797 6.70312 8
      vertex 143.57 5.03906 8
      vertex 149.914 8.45703 8
    endloop
  endfacet
  facet normal 0 0 1
    outer loop
      vertex 137.941 10.2812 8
      vertex 149.914 8.45703 8
      vertex 153.09 10.1562 8
    endloop
  endfacet
  facet normal 0 0 1
    outer loop
      vertex 143.57 5.03906 8
      vertex 141.797 6.70312 8
      vertex 143.543 5.05078 8
    endloop
  endfacet
  facet normal 0 0 1
    outer loop
      vertex 137.766 10.3906 8
      vertex 153.09 10.1562 8
      vertex 153.48 10.3477 8
    endloop
  endfacet
  facet normal -0 0 1
    outer loop
      vertex 137.578 10.4727 8
      vertex 153.48 10.3477 8
      vertex 153.879 10.4844 8
    endloop
  endfacet
  facet normal 0 0 1
    outer loop
      vertex 149.914 8.45703 8
      vertex 138.285 9.99609 8
      vertex 141.797 6.70312 8
    endloop
  endfacet
  facet normal -0 -0 1
    outer loop
      vertex 137.375 10.5312 8
      vertex 154.082 10.5234 8
      vertex 137.137 10.5469 8
    endloop
  endfacet
  facet normal 0 0 1
    outer loop
      vertex 149.914 8.45703 8
      vertex 137.941 10.2812 8
      vertex 138.285 9.99609 8
    endloop
  endfacet
  facet normal 0 0 1
    outer loop
      vertex 153.09 10.1562 8
      vertex 137.766 10.3906 8
      vertex 137.941 10.2812 8
    endloop
  endfacet
  facet normal 0 0 1
    outer loop
      vertex 153.48 10.3477 8
      vertex 137.578 10.4727 8
      vertex 137.766 10.3906 8
    endloop
  endfacet
  facet normal 0 0 1
    outer loop
      vertex 153.879 10.4844 8
      vertex 137.375 10.5312 8
      vertex 137.578 10.4727 8
    endloop
  endfacet
  facet normal 0 0 1
    outer loop
      vertex 154.082 10.5234 8
      vertex 137.375 10.5312 8
      vertex 153.879 10.4844 8
    endloop
  endfacet
  facet normal 0 0 1
    outer loop
      vertex 227.25 28 8
      vertex 128.5 10.5469 8
      vertex 137.137 10.5469 8
    endloop
  endfacet
  facet normal 0 0 1
    outer loop
      vertex 117.973 10.5391 8
      vertex 128.5 10.5469 8
      vertex 227.25 28 8
    endloop
  endfacet
  facet normal 0 0 1
    outer loop
      vertex 128.215 9.59766 8
      vertex 123.637 5.91016 8
      vertex 132.633 5.40234 8
    endloop
  endfacet
  facet normal 0 0 1
    outer loop
      vertex 122.898 8.75 8
      vertex 127.953 10.1289 8
      vertex 127.973 10.2227 8
    endloop
  endfacet
  facet normal 0 0 1
    outer loop
      vertex 122.504 9.16797 8
      vertex 127.973 10.2227 8
      vertex 128.004 10.3164 8
    endloop
  endfacet
  facet normal 0 0 1
    outer loop
      vertex 122.047 9.52734 8
      vertex 128.004 10.3164 8
      vertex 128.059 10.3867 8
    endloop
  endfacet
  facet normal 0 0 1
    outer loop
      vertex 121.543 9.82422 8
      vertex 128.059 10.3867 8
      vertex 128.137 10.457 8
    endloop
  endfacet
  facet normal 0 0 1
    outer loop
      vertex 127.965 10.0234 8
      vertex 123.637 6.85938 8
      vertex 123.66 6.54297 8
    endloop
  endfacet
  facet normal 0 0 1
    outer loop
      vertex 127.965 10.0234 8
      vertex 123.594 7.15625 8
      vertex 123.637 6.85938 8
    endloop
  endfacet
  facet normal 0 0 1
    outer loop
      vertex 127.965 10.0234 8
      vertex 123.535 7.45312 8
      vertex 123.594 7.15625 8
    endloop
  endfacet
  facet normal 0 0 1
    outer loop
      vertex 127.965 10.0234 8
      vertex 123.449 7.73438 8
      vertex 123.535 7.45312 8
    endloop
  endfacet
  facet normal 0 0 1
    outer loop
      vertex 127.965 10.0234 8
      vertex 123.34 8.01172 8
      vertex 123.449 7.73438 8
    endloop
  endfacet
  facet normal 0 0 1
    outer loop
      vertex 120.98 10.0625 8
      vertex 128.137 10.457 8
      vertex 128.23 10.5078 8
    endloop
  endfacet
  facet normal 0 0 1
    outer loop
      vertex 127.965 10.0234 8
      vertex 123.215 8.26953 8
      vertex 123.34 8.01172 8
    endloop
  endfacet
  facet normal 0 0 1
    outer loop
      vertex 127.965 10.0234 8
      vertex 123.066 8.51953 8
      vertex 123.215 8.26953 8
    endloop
  endfacet
  facet normal 0 0 1
    outer loop
      vertex 127.953 10.1289 8
      vertex 122.898 8.75 8
      vertex 123.066 8.51953 8
    endloop
  endfacet
  facet normal 0 0 1
    outer loop
      vertex 127.973 10.2227 8
      vertex 122.504 9.16797 8
      vertex 122.898 8.75 8
    endloop
  endfacet
  facet normal 0 0 1
    outer loop
      vertex 120.402 10.25 8
      vertex 128.23 10.5078 8
      vertex 128.352 10.5391 8
    endloop
  endfacet
  facet normal 0 0 1
    outer loop
      vertex 128.004 10.3164 8
      vertex 122.289 9.35547 8
      vertex 122.504 9.16797 8
    endloop
  endfacet
  facet normal 0 0 1
    outer loop
      vertex 128.004 10.3164 8
      vertex 122.047 9.52734 8
      vertex 122.289 9.35547 8
    endloop
  endfacet
  facet normal 0 -0 1
    outer loop
      vertex 118.574 10.5195 8
      vertex 128.5 10.5469 8
      vertex 117.973 10.5391 8
    endloop
  endfacet
  facet normal 0 0 1
    outer loop
      vertex 128.059 10.3867 8
      vertex 121.543 9.82422 8
      vertex 122.047 9.52734 8
    endloop
  endfacet
  facet normal 0 0 1
    outer loop
      vertex 128.137 10.457 8
      vertex 120.98 10.0625 8
      vertex 121.543 9.82422 8
    endloop
  endfacet
  facet normal 0 0 1
    outer loop
      vertex 128.23 10.5078 8
      vertex 120.402 10.25 8
      vertex 120.98 10.0625 8
    endloop
  endfacet
  facet normal 0 0 1
    outer loop
      vertex 128.352 10.5391 8
      vertex 119.797 10.375 8
      vertex 120.402 10.25 8
    endloop
  endfacet
  facet normal 0 0 1
    outer loop
      vertex 128.352 10.5391 8
      vertex 119.191 10.4688 8
      vertex 119.797 10.375 8
    endloop
  endfacet
  facet normal 0 0 1
    outer loop
      vertex 128.352 10.5391 8
      vertex 118.574 10.5195 8
      vertex 119.191 10.4688 8
    endloop
  endfacet
  facet normal 0 0 1
    outer loop
      vertex 128.5 10.5469 8
      vertex 118.574 10.5195 8
      vertex 128.352 10.5391 8
    endloop
  endfacet
  facet normal 0 0 1
    outer loop
      vertex 227.25 28 8
      vertex 116.797 10.5469 8
      vertex 117.973 10.5391 8
    endloop
  endfacet
  facet normal 0 0 1
    outer loop
      vertex 227.25 28 8
      vertex 94.7109 10.5508 8
      vertex 116.797 10.5469 8
    endloop
  endfacet
  facet normal -0 0 1
    outer loop
      vertex -16.75 28 8
      vertex 94.7109 10.5508 8
      vertex 227.25 28 8
    endloop
  endfacet
  facet normal -0 0 1
    outer loop
      vertex 88.2578 9.93359 8
      vertex 92.043 8.76562 8
      vertex 88.2891 10.1367 8
    endloop
  endfacet
  facet normal 0 0 1
    outer loop
      vertex 92.3633 9.30078 8
      vertex 88.2891 10.1367 8
      vertex 92.043 8.76562 8
    endloop
  endfacet
  facet normal 0 0 1
    outer loop
      vertex 88.25 10.3203 8
      vertex 92.3633 9.30078 8
      vertex 92.5312 9.53906 8
    endloop
  endfacet
  facet normal 0 0 1
    outer loop
      vertex 88.25 10.3203 8
      vertex 92.5312 9.53906 8
      vertex 92.7031 9.74609 8
    endloop
  endfacet
  facet normal 0 0 1
    outer loop
      vertex 88.25 10.3203 8
      vertex 92.7031 9.74609 8
      vertex 92.8984 9.93359 8
    endloop
  endfacet
  facet normal 0 0 1
    outer loop
      vertex 88.1523 10.4688 8
      vertex 92.8984 9.93359 8
      vertex 93.1016 10.0938 8
    endloop
  endfacet
  facet normal 0 0 1
    outer loop
      vertex 88.1523 10.4688 8
      vertex 93.1016 10.0938 8
      vertex 93.3164 10.2305 8
    endloop
  endfacet
  facet normal 0 0 1
    outer loop
      vertex 88.0742 10.5234 8
      vertex 93.3164 10.2305 8
      vertex 93.5547 10.3477 8
    endloop
  endfacet
  facet normal 0 0 1
    outer loop
      vertex 87.9922 10.5625 8
      vertex 93.5547 10.3477 8
      vertex 93.8008 10.4375 8
    endloop
  endfacet
  facet normal 0 0 1
    outer loop
      vertex 87.9922 10.5625 8
      vertex 93.8008 10.4375 8
      vertex 94.082 10.4961 8
    endloop
  endfacet
  facet normal 0 0 1
    outer loop
      vertex 87.9922 10.5625 8
      vertex 94.082 10.4961 8
      vertex 94.3789 10.5391 8
    endloop
  endfacet
  facet normal -0 -0 1
    outer loop
      vertex 87.75 10.6016 8
      vertex 94.7109 10.5508 8
      vertex -16.75 28 8
    endloop
  endfacet
  facet normal 0 0 1
    outer loop
      vertex 92.3633 9.30078 8
      vertex 88.25 10.3203 8
      vertex 88.2891 10.1367 8
    endloop
  endfacet
  facet normal 0 0 1
    outer loop
      vertex 92.8984 9.93359 8
      vertex 88.1523 10.4688 8
      vertex 88.25 10.3203 8
    endloop
  endfacet
  facet normal 0 0 1
    outer loop
      vertex 93.3164 10.2305 8
      vertex 88.0742 10.5234 8
      vertex 88.1523 10.4688 8
    endloop
  endfacet
  facet normal 0 0 1
    outer loop
      vertex 93.5547 10.3477 8
      vertex 87.9922 10.5625 8
      vertex 88.0742 10.5234 8
    endloop
  endfacet
  facet normal 0 0 1
    outer loop
      vertex 94.3789 10.5391 8
      vertex 87.75 10.6016 8
      vertex 87.9922 10.5625 8
    endloop
  endfacet
  facet normal 0 0 1
    outer loop
      vertex 94.7109 10.5508 8
      vertex 87.75 10.6016 8
      vertex 94.3789 10.5391 8
    endloop
  endfacet
  facet normal -0 0 1
    outer loop
      vertex 72.1758 1.89844 8
      vertex 73.1211 -2.02344 8
      vertex 75.3359 1.95312 8
    endloop
  endfacet
  facet normal 0 0 1
    outer loop
      vertex 73.1211 -2.02344 8
      vertex 72.9805 -2.03906 8
      vertex 73.0586 -2.09375 8
    endloop
  endfacet
  facet normal -0 0 1
    outer loop
      vertex 71.3555 5.83203 8
      vertex 75.3359 1.95312 8
      vertex 77.5781 5.92188 8
    endloop
  endfacet
  facet normal 0 0 1
    outer loop
      vertex 73.0586 -2.09375 8
      vertex 72.9805 -2.03906 8
      vertex 73 -2.09766 8
    endloop
  endfacet
  facet normal 0 0 1
    outer loop
      vertex 73.1211 -2.02344 8
      vertex 72.1758 1.89844 8
      vertex 72.9805 -2.03906 8
    endloop
  endfacet
  facet normal -0 0 1
    outer loop
      vertex 70.5 9.75781 8
      vertex 77.5781 5.92188 8
      vertex 79.8516 9.85547 8
    endloop
  endfacet
  facet normal -0 0 1
    outer loop
      vertex 70.3789 10.1758 8
      vertex 79.8516 9.85547 8
      vertex 80.0703 10.2227 8
    endloop
  endfacet
  facet normal -0 0 1
    outer loop
      vertex 70.2734 10.3438 8
      vertex 80.0703 10.2227 8
      vertex 80.1953 10.375 8
    endloop
  endfacet
  facet normal 0 0 1
    outer loop
      vertex 75.3359 1.95312 8
      vertex 71.3555 5.83203 8
      vertex 72.1758 1.89844 8
    endloop
  endfacet
  facet normal -0 0 1
    outer loop
      vertex 70.1328 10.4805 8
      vertex 80.1953 10.375 8
      vertex 80.3555 10.4961 8
    endloop
  endfacet
  facet normal 0 0 1
    outer loop
      vertex 77.5781 5.92188 8
      vertex 70.5 9.75781 8
      vertex 71.3555 5.83203 8
    endloop
  endfacet
  facet normal -0 0 1
    outer loop
      vertex 69.9453 10.5625 8
      vertex 80.3555 10.4961 8
      vertex 80.5508 10.5664 8
    endloop
  endfacet
  facet normal 0 0 1
    outer loop
      vertex 69.9453 10.5625 8
      vertex 80.5508 10.5664 8
      vertex 80.7695 10.5977 8
    endloop
  endfacet
  facet normal 0 0 1
    outer loop
      vertex 87.75 10.6016 8
      vertex -16.75 28 8
      vertex 80.7695 10.5977 8
    endloop
  endfacet
  facet normal 0 0 1
    outer loop
      vertex 79.8516 9.85547 8
      vertex 70.4453 9.97266 8
      vertex 70.5 9.75781 8
    endloop
  endfacet
  facet normal 0 0 1
    outer loop
      vertex 79.8516 9.85547 8
      vertex 70.3789 10.1758 8
      vertex 70.4453 9.97266 8
    endloop
  endfacet
  facet normal 0 0 1
    outer loop
      vertex 80.0703 10.2227 8
      vertex 70.2734 10.3438 8
      vertex 70.3789 10.1758 8
    endloop
  endfacet
  facet normal 0 0 1
    outer loop
      vertex 80.1953 10.375 8
      vertex 70.1328 10.4805 8
      vertex 70.2734 10.3438 8
    endloop
  endfacet
  facet normal 0 0 1
    outer loop
      vertex 80.3555 10.4961 8
      vertex 69.9453 10.5625 8
      vertex 70.1328 10.4805 8
    endloop
  endfacet
  facet normal 0 0 1
    outer loop
      vertex 80.7695 10.5977 8
      vertex 69.707 10.5977 8
      vertex 69.9453 10.5625 8
    endloop
  endfacet
  facet normal 0 0 1
    outer loop
      vertex 80.7695 10.5977 8
      vertex -16.75 28 8
      vertex 69.707 10.5977 8
    endloop
  endfacet
  facet normal 0 0 1
    outer loop
      vertex 69.707 10.5977 8
      vertex -16.75 28 8
      vertex 64.5938 10.5977 8
    endloop
  endfacet
  facet normal 0 0 1
    outer loop
      vertex 53.3867 5.85938 8
      vertex 54.5156 -1.9375 8
      vertex 59.25 5.24219 8
    endloop
  endfacet
  facet normal 0 0 1
    outer loop
      vertex 54.5156 -1.9375 8
      vertex 54.3242 -1.89062 8
      vertex 54.4648 -1.99219 8
    endloop
  endfacet
  facet normal 0 -0 1
    outer loop
      vertex 54.3633 -1.99219 8
      vertex 54.4648 -1.99219 8
      vertex 54.3242 -1.89062 8
    endloop
  endfacet
  facet normal 0 0 1
    outer loop
      vertex 52.8828 9.73047 8
      vertex 59.25 5.24219 8
      vertex 61.6445 8.82031 8
    endloop
  endfacet
  facet normal 0 0 1
    outer loop
      vertex 54.4648 -1.99219 8
      vertex 54.3633 -1.99219 8
      vertex 54.418 -2.02344 8
    endloop
  endfacet
  facet normal 0 0 1
    outer loop
      vertex 54.418 -2.02344 8
      vertex 54.3633 -1.99219 8
      vertex 54.3828 -2.01562 8
    endloop
  endfacet
  facet normal 0 0 1
    outer loop
      vertex 54.5156 -1.9375 8
      vertex 53.3867 5.85938 8
      vertex 54.3242 -1.89062 8
    endloop
  endfacet
  facet normal 0 0 1
    outer loop
      vertex 52.7852 10.1562 8
      vertex 61.6445 8.82031 8
      vertex 62.0273 9.34375 8
    endloop
  endfacet
  facet normal 0 0 1
    outer loop
      vertex 52.6875 10.3242 8
      vertex 62.0273 9.34375 8
      vertex 62.2266 9.56641 8
    endloop
  endfacet
  facet normal 0 0 1
    outer loop
      vertex 52.6875 10.3242 8
      vertex 62.2266 9.56641 8
      vertex 62.4375 9.78125 8
    endloop
  endfacet
  facet normal 0 0 1
    outer loop
      vertex 52.5586 10.4688 8
      vertex 62.4375 9.78125 8
      vertex 62.6406 9.96094 8
    endloop
  endfacet
  facet normal 0 0 1
    outer loop
      vertex 52.5586 10.4688 8
      vertex 62.6406 9.96094 8
      vertex 62.8711 10.1328 8
    endloop
  endfacet
  facet normal 0 0 1
    outer loop
      vertex 52.5586 10.4688 8
      vertex 62.8711 10.1328 8
      vertex 63.1133 10.2695 8
    endloop
  endfacet
  facet normal 0 0 1
    outer loop
      vertex 52.5586 10.4688 8
      vertex 63.1133 10.2695 8
      vertex 63.3555 10.3867 8
    endloop
  endfacet
  facet normal 0 0 1
    outer loop
      vertex 59.25 5.24219 8
      vertex 52.8828 9.73047 8
      vertex 53.3867 5.85938 8
    endloop
  endfacet
  facet normal 0 0 1
    outer loop
      vertex 52.3711 10.5586 8
      vertex 63.3555 10.3867 8
      vertex 63.6445 10.4805 8
    endloop
  endfacet
  facet normal 0 0 1
    outer loop
      vertex 52.3711 10.5586 8
      vertex 63.6445 10.4805 8
      vertex 63.9375 10.5391 8
    endloop
  endfacet
  facet normal 0 0 1
    outer loop
      vertex 52.1289 10.5898 8
      vertex 63.9375 10.5391 8
      vertex 64.25 10.5742 8
    endloop
  endfacet
  facet normal 0 -0 1
    outer loop
      vertex 52.1289 10.5898 8
      vertex 64.5938 10.5977 8
      vertex -16.75 28 8
    endloop
  endfacet
  facet normal 0 0 1
    outer loop
      vertex 61.6445 8.82031 8
      vertex 52.8477 9.94922 8
      vertex 52.8828 9.73047 8
    endloop
  endfacet
  facet normal 0 0 1
    outer loop
      vertex 61.6445 8.82031 8
      vertex 52.7852 10.1562 8
      vertex 52.8477 9.94922 8
    endloop
  endfacet
  facet normal 0 0 1
    outer loop
      vertex 62.0273 9.34375 8
      vertex 52.6875 10.3242 8
      vertex 52.7852 10.1562 8
    endloop
  endfacet
  facet normal 0 0 1
    outer loop
      vertex 62.4375 9.78125 8
      vertex 52.5586 10.4688 8
      vertex 52.6875 10.3242 8
    endloop
  endfacet
  facet normal 0 0 1
    outer loop
      vertex 63.3555 10.3867 8
      vertex 52.3711 10.5586 8
      vertex 52.5586 10.4688 8
    endloop
  endfacet
  facet normal 0 0 1
    outer loop
      vertex 64.5938 10.5977 8
      vertex 52.1289 10.5898 8
      vertex 64.25 10.5742 8
    endloop
  endfacet
  facet normal 0 0 1
    outer loop
      vertex 63.9375 10.5391 8
      vertex 52.1289 10.5898 8
      vertex 52.3711 10.5586 8
    endloop
  endfacet
  facet normal 0 0 1
    outer loop
      vertex 45.25 9.93359 8
      vertex -16.75 28 8
      vertex 45.25 9.69922 8
    endloop
  endfacet
  facet normal 0 0 1
    outer loop
      vertex 45.2812 10.1367 8
      vertex -16.75 28 8
      vertex 45.25 9.93359 8
    endloop
  endfacet
  facet normal 0 0 1
    outer loop
      vertex 45.3594 10.3242 8
      vertex -16.75 28 8
      vertex 45.2812 10.1367 8
    endloop
  endfacet
  facet normal 0 0 1
    outer loop
      vertex 45.4922 10.4688 8
      vertex -16.75 28 8
      vertex 45.3594 10.3242 8
    endloop
  endfacet
  facet normal 0 0 1
    outer loop
      vertex 45.6758 10.5508 8
      vertex -16.75 28 8
      vertex 45.4922 10.4688 8
    endloop
  endfacet
  facet normal 0 0 1
    outer loop
      vertex 45.9102 10.5898 8
      vertex -16.75 28 8
      vertex 45.6758 10.5508 8
    endloop
  endfacet
  facet normal 0 0 1
    outer loop
      vertex 52.1289 10.5898 8
      vertex -16.75 28 8
      vertex 45.9102 10.5898 8
    endloop
  endfacet
  facet normal 0 0 1
    outer loop
      vertex 227.25 28 8
      vertex 165.184 9.94922 8
      vertex 227.25 -28 8
    endloop
  endfacet
  facet normal -0 0 1
    outer loop
      vertex 165.141 9.84766 8
      vertex 227.25 -28 8
      vertex 165.184 9.94922 8
    endloop
  endfacet
  facet normal 0 0 1
    outer loop
      vertex 160.062 -9.88281 8
      vertex 165.141 9.84766 8
      vertex 165.074 9.74219 8
    endloop
  endfacet
  facet normal 0 0 1
    outer loop
      vertex 160.02 -9.70703 8
      vertex 165.074 9.74219 8
      vertex 164.98 9.64844 8
    endloop
  endfacet
  facet normal 0 0 1
    outer loop
      vertex 159.984 -9.62891 8
      vertex 164.98 9.64844 8
      vertex 164.852 9.55859 8
    endloop
  endfacet
  facet normal 0 0 1
    outer loop
      vertex 165.141 9.84766 8
      vertex 160.062 -9.88281 8
      vertex 227.25 -28 8
    endloop
  endfacet
  facet normal -0 0 1
    outer loop
      vertex 160.035 -10.0625 8
      vertex 227.25 -28 8
      vertex 160.062 -9.88281 8
    endloop
  endfacet
  facet normal -0 0 1
    outer loop
      vertex 159.938 -10.207 8
      vertex 227.25 -28 8
      vertex 160.035 -10.0625 8
    endloop
  endfacet
  facet normal -0 0 1
    outer loop
      vertex 159.797 -10.3164 8
      vertex 227.25 -28 8
      vertex 159.938 -10.207 8
    endloop
  endfacet
  facet normal -0 0 1
    outer loop
      vertex 159.703 -10.3438 8
      vertex 227.25 -28 8
      vertex 159.797 -10.3164 8
    endloop
  endfacet
  facet normal -0 0 1
    outer loop
      vertex 159.605 -10.3555 8
      vertex 227.25 -28 8
      vertex 159.703 -10.3438 8
    endloop
  endfacet
  facet normal 0 0 1
    outer loop
      vertex 150.195 -10.3516 8
      vertex 227.25 -28 8
      vertex 159.605 -10.3555 8
    endloop
  endfacet
  facet normal 0 0 1
    outer loop
      vertex 149.977 -10.3438 8
      vertex 227.25 -28 8
      vertex 150.195 -10.3516 8
    endloop
  endfacet
  facet normal -0 0 1
    outer loop
      vertex 129.184 -10.3242 8
      vertex 149.977 -10.3438 8
      vertex 149.809 -10.3242 8
    endloop
  endfacet
  facet normal 0 0 1
    outer loop
      vertex 133.84 -7.88281 8
      vertex 142.109 -3.33203 8
      vertex 142.078 -3.32422 8
    endloop
  endfacet
  facet normal 0 0 1
    outer loop
      vertex 142.109 -3.33203 8
      vertex 133.84 -7.88281 8
      vertex 149.215 -9.97656 8
    endloop
  endfacet
  facet normal 0 0 1
    outer loop
      vertex 133.84 -7.88281 8
      vertex 149.371 -10.1133 8
      vertex 149.215 -9.97656 8
    endloop
  endfacet
  facet normal 0 0 1
    outer loop
      vertex 129.711 -10.1406 8
      vertex 149.371 -10.1133 8
      vertex 133.84 -7.88281 8
    endloop
  endfacet
  facet normal 0 0 1
    outer loop
      vertex 149.371 -10.1133 8
      vertex 129.711 -10.1406 8
      vertex 149.52 -10.207 8
    endloop
  endfacet
  facet normal 0 0 1
    outer loop
      vertex 149.52 -10.207 8
      vertex 129.711 -10.1406 8
      vertex 149.656 -10.2773 8
    endloop
  endfacet
  facet normal -0 0 1
    outer loop
      vertex 129.438 -10.2695 8
      vertex 149.656 -10.2773 8
      vertex 129.711 -10.1406 8
    endloop
  endfacet
  facet normal 0 0 1
    outer loop
      vertex 149.656 -10.2773 8
      vertex 129.438 -10.2695 8
      vertex 149.809 -10.3242 8
    endloop
  endfacet
  facet normal 0 0 1
    outer loop
      vertex 129.184 -10.3242 8
      vertex 149.809 -10.3242 8
      vertex 129.438 -10.2695 8
    endloop
  endfacet
  facet normal 0 0 1
    outer loop
      vertex 149.977 -10.3438 8
      vertex 129.184 -10.3242 8
      vertex 227.25 -28 8
    endloop
  endfacet
  facet normal -0 0 1
    outer loop
      vertex 128.887 -10.3398 8
      vertex 227.25 -28 8
      vertex 129.184 -10.3242 8
    endloop
  endfacet
  facet normal -0 0 1
    outer loop
      vertex 111.082 -10.3398 8
      vertex 227.25 -28 8
      vertex 128.887 -10.3398 8
    endloop
  endfacet
  facet normal -0 0 1
    outer loop
      vertex 90.5977 -10.332 8
      vertex 111.082 -10.3398 8
      vertex 110.656 -10.3242 8
    endloop
  endfacet
  facet normal 0 0 1
    outer loop
      vertex 98.6406 4.27734 8
      vertex 99.7812 4.98828 8
      vertex 99.5508 4.92969 8
    endloop
  endfacet
  facet normal 0 0 1
    outer loop
      vertex 99.1406 4.74219 8
      vertex 99.5508 4.92969 8
      vertex 99.3398 4.85156 8
    endloop
  endfacet
  facet normal 0 0 1
    outer loop
      vertex 99.5508 4.92969 8
      vertex 99.1406 4.74219 8
      vertex 98.6406 4.27734 8
    endloop
  endfacet
  facet normal 0 0 1
    outer loop
      vertex 98.6406 4.27734 8
      vertex 99.1406 4.74219 8
      vertex 98.9609 4.61328 8
    endloop
  endfacet
  facet normal 0 0 1
    outer loop
      vertex 98.6406 4.27734 8
      vertex 98.9609 4.61328 8
      vertex 98.7969 4.46094 8
    endloop
  endfacet
  facet normal 0 0 1
    outer loop
      vertex 99.7812 4.98828 8
      vertex 98.6406 4.27734 8
      vertex 98.207 3.56641 8
    endloop
  endfacet
  facet normal 0 0 1
    outer loop
      vertex 98.207 3.56641 8
      vertex 98.6406 4.27734 8
      vertex 98.4805 4.07422 8
    endloop
  endfacet
  facet normal 0 0 1
    outer loop
      vertex 99.8164 0.0351562 8
      vertex 95.9414 -0.898438 8
      vertex 99.8047 -0.0585938 8
    endloop
  endfacet
  facet normal 0 0 1
    outer loop
      vertex 99.8047 -0.0585938 8
      vertex 95.9414 -0.898438 8
      vertex 99.8047 -0.164062 8
    endloop
  endfacet
  facet normal 0 0 1
    outer loop
      vertex 99.8047 -0.164062 8
      vertex 95.9414 -0.898438 8
      vertex 99.832 -0.257812 8
    endloop
  endfacet
  facet normal 0 0 1
    outer loop
      vertex 95.9414 -0.898438 8
      vertex 99.8789 -0.351562 8
      vertex 99.832 -0.257812 8
    endloop
  endfacet
  facet normal 0 0 1
    outer loop
      vertex 95.9414 -0.898438 8
      vertex 99.957 -0.445312 8
      vertex 99.8789 -0.351562 8
    endloop
  endfacet
  facet normal 0 0 1
    outer loop
      vertex 93.6562 -5.35156 8
      vertex 99.957 -0.445312 8
      vertex 95.9414 -0.898438 8
    endloop
  endfacet
  facet normal 0 0 1
    outer loop
      vertex 99.957 -0.445312 8
      vertex 93.6562 -5.35156 8
      vertex 106.668 -6.78906 8
    endloop
  endfacet
  facet normal 0 0 1
    outer loop
      vertex 91.3477 -9.77734 8
      vertex 106.668 -6.78906 8
      vertex 93.6562 -5.35156 8
    endloop
  endfacet
  facet normal 0 0 1
    outer loop
      vertex 91.2227 -9.99219 8
      vertex 106.668 -6.78906 8
      vertex 91.3477 -9.77734 8
    endloop
  endfacet
  facet normal 0 0 1
    outer loop
      vertex 106.668 -6.78906 8
      vertex 91.2227 -9.99219 8
      vertex 110.035 -9.95312 8
    endloop
  endfacet
  facet normal 0 0 1
    outer loop
      vertex 91.0898 -10.1445 8
      vertex 110.035 -9.95312 8
      vertex 91.2227 -9.99219 8
    endloop
  endfacet
  facet normal 0 0 1
    outer loop
      vertex 110.035 -9.95312 8
      vertex 91.0898 -10.1445 8
      vertex 110.211 -10.1094 8
    endloop
  endfacet
  facet normal 0 0 1
    outer loop
      vertex 90.957 -10.2461 8
      vertex 110.211 -10.1094 8
      vertex 91.0898 -10.1445 8
    endloop
  endfacet
  facet normal 0 0 1
    outer loop
      vertex 110.211 -10.1094 8
      vertex 90.957 -10.2461 8
      vertex 110.359 -10.2109 8
    endloop
  endfacet
  facet normal 0 0 1
    outer loop
      vertex 110.359 -10.2109 8
      vertex 90.957 -10.2461 8
      vertex 110.496 -10.2773 8
    endloop
  endfacet
  facet normal 0 0 1
    outer loop
      vertex 90.8008 -10.3047 8
      vertex 110.496 -10.2773 8
      vertex 90.957 -10.2461 8
    endloop
  endfacet
  facet normal 0 0 1
    outer loop
      vertex 110.496 -10.2773 8
      vertex 90.8008 -10.3047 8
      vertex 110.656 -10.3242 8
    endloop
  endfacet
  facet normal 0 0 1
    outer loop
      vertex 90.5977 -10.332 8
      vertex 110.656 -10.3242 8
      vertex 90.8008 -10.3047 8
    endloop
  endfacet
  facet normal 0 0 1
    outer loop
      vertex 90.3555 -10.3398 8
      vertex 111.082 -10.3398 8
      vertex 90.5977 -10.332 8
    endloop
  endfacet
  facet normal 0 0 1
    outer loop
      vertex -16.75 -28 8
      vertex 111.082 -10.3398 8
      vertex 90.3555 -10.3398 8
    endloop
  endfacet
  facet normal 0 0 1
    outer loop
      vertex -16.75 -28 8
      vertex 90.3555 -10.3398 8
      vertex 82.9414 -10.3398 8
    endloop
  endfacet
  facet normal -0 0 1
    outer loop
      vertex 78.543 -8.55859 8
      vertex 82.4531 -9.78906 8
      vertex 78.7812 -8.14453 8
    endloop
  endfacet
  facet normal 0 0 1
    outer loop
      vertex 82.4531 -9.78906 8
      vertex 78.543 -8.55859 8
      vertex 82.4531 -9.96094 8
    endloop
  endfacet
  facet normal -0 0 1
    outer loop
      vertex 78.3047 -8.91797 8
      vertex 82.4531 -9.96094 8
      vertex 78.543 -8.55859 8
    endloop
  endfacet
  facet normal -0 0 1
    outer loop
      vertex 78.0742 -9.23047 8
      vertex 82.4531 -9.96094 8
      vertex 78.3047 -8.91797 8
    endloop
  endfacet
  facet normal 0 0 1
    outer loop
      vertex 82.4531 -9.96094 8
      vertex 78.0742 -9.23047 8
      vertex 82.5195 -10.1016 8
    endloop
  endfacet
  facet normal -0 0 1
    outer loop
      vertex 77.8203 -9.5 8
      vertex 82.5195 -10.1016 8
      vertex 78.0742 -9.23047 8
    endloop
  endfacet
  facet normal -0 0 1
    outer loop
      vertex 77.5625 -9.73438 8
      vertex 82.5195 -10.1016 8
      vertex 77.8203 -9.5 8
    endloop
  endfacet
  facet normal 0 0 1
    outer loop
      vertex 82.5195 -10.1016 8
      vertex 77.5625 -9.73438 8
      vertex 82.6172 -10.2227 8
    endloop
  endfacet
  facet normal -0 0 1
    outer loop
      vertex 77.2812 -9.92578 8
      vertex 82.6172 -10.2227 8
      vertex 77.5625 -9.73438 8
    endloop
  endfacet
  facet normal -0 0 1
    outer loop
      vertex 76.9844 -10.082 8
      vertex 82.6172 -10.2227 8
      vertex 77.2812 -9.92578 8
    endloop
  endfacet
  facet normal 0 0 1
    outer loop
      vertex 82.6172 -10.2227 8
      vertex 76.9844 -10.082 8
      vertex 82.7539 -10.3047 8
    endloop
  endfacet
  facet normal -0 0 1
    outer loop
      vertex 76.6602 -10.1953 8
      vertex 82.7539 -10.3047 8
      vertex 76.9844 -10.082 8
    endloop
  endfacet
  facet normal -0 0 1
    outer loop
      vertex 76.3008 -10.2852 8
      vertex 82.7539 -10.3047 8
      vertex 76.6602 -10.1953 8
    endloop
  endfacet
  facet normal 0 0 1
    outer loop
      vertex 82.7539 -10.3047 8
      vertex 76.3008 -10.2852 8
      vertex 82.9414 -10.3398 8
    endloop
  endfacet
  facet normal 0 0 1
    outer loop
      vertex 75.9023 -10.3516 8
      vertex 82.9414 -10.3398 8
      vertex 76.3008 -10.2852 8
    endloop
  endfacet
  facet normal 0 0 1
    outer loop
      vertex 75.4805 -10.3828 8
      vertex 82.9414 -10.3398 8
      vertex 75.9023 -10.3516 8
    endloop
  endfacet
  facet normal 0 0 1
    outer loop
      vertex -16.75 -28 8
      vertex 82.9414 -10.3398 8
      vertex 75.4805 -10.3828 8
    endloop
  endfacet
  facet normal 0 0 1
    outer loop
      vertex -16.75 -28 8
      vertex 75.4805 -10.3828 8
      vertex 75 -10.3906 8
    endloop
  endfacet
  facet normal 0 0 1
    outer loop
      vertex -16.75 -28 8
      vertex 75 -10.3906 8
      vertex 68.0391 -10.3906 8
    endloop
  endfacet
  facet normal -0 0 1
    outer loop
      vertex 64.957 1.44922 8
      vertex 65.082 1.40234 8
      vertex 65.0625 1.46094 8
    endloop
  endfacet
  facet normal 0 0 1
    outer loop
      vertex 64.957 1.44922 8
      vertex 65.0625 1.46094 8
      vertex 64.9883 1.48047 8
    endloop
  endfacet
  facet normal 0 0 1
    outer loop
      vertex 60.875 -4.96484 8
      vertex 65.082 1.40234 8
      vertex 64.957 1.44922 8
    endloop
  endfacet
  facet normal 0 0 1
    outer loop
      vertex 65.082 1.40234 8
      vertex 60.875 -4.96484 8
      vertex 66.5273 -5.98047 8
    endloop
  endfacet
  facet normal 0 0 1
    outer loop
      vertex 66.5273 -5.98047 8
      vertex 60.875 -4.96484 8
      vertex 67.2891 -9.66797 8
    endloop
  endfacet
  facet normal -0 0 1
    outer loop
      vertex 58.8281 -8.16016 8
      vertex 67.2891 -9.66797 8
      vertex 60.875 -4.96484 8
    endloop
  endfacet
  facet normal 0 0 1
    outer loop
      vertex 67.2891 -9.66797 8
      vertex 58.8281 -8.16016 8
      vertex 67.3594 -9.92969 8
    endloop
  endfacet
  facet normal -0 0 1
    outer loop
      vertex 58.5508 -8.55859 8
      vertex 67.3594 -9.92969 8
      vertex 58.8281 -8.16016 8
    endloop
  endfacet
  facet normal -0 0 1
    outer loop
      vertex 58.2852 -8.91016 8
      vertex 67.3594 -9.92969 8
      vertex 58.5508 -8.55859 8
    endloop
  endfacet
  facet normal -0 0 1
    outer loop
      vertex 58.0312 -9.22656 8
      vertex 67.3594 -9.92969 8
      vertex 58.2852 -8.91016 8
    endloop
  endfacet
  facet normal 0 0 1
    outer loop
      vertex 67.3594 -9.92969 8
      vertex 58.0312 -9.22656 8
      vertex 67.4648 -10.1289 8
    endloop
  endfacet
  facet normal -0 0 1
    outer loop
      vertex 57.7578 -9.49609 8
      vertex 67.4648 -10.1289 8
      vertex 58.0312 -9.22656 8
    endloop
  endfacet
  facet normal -0 0 1
    outer loop
      vertex 57.4766 -9.72656 8
      vertex 67.4648 -10.1289 8
      vertex 57.7578 -9.49609 8
    endloop
  endfacet
  facet normal 0 0 1
    outer loop
      vertex 67.4648 -10.1289 8
      vertex 57.4766 -9.72656 8
      vertex 67.6172 -10.2695 8
    endloop
  endfacet
  facet normal -0 0 1
    outer loop
      vertex 57.1797 -9.91406 8
      vertex 67.6172 -10.2695 8
      vertex 57.4766 -9.72656 8
    endloop
  endfacet
  facet normal -0 0 1
    outer loop
      vertex 56.8711 -10.0742 8
      vertex 67.6172 -10.2695 8
      vertex 57.1797 -9.91406 8
    endloop
  endfacet
  facet normal 0 0 1
    outer loop
      vertex 67.6172 -10.2695 8
      vertex 56.8711 -10.0742 8
      vertex 67.8047 -10.3516 8
    endloop
  endfacet
  facet normal -0 0 1
    outer loop
      vertex 56.5352 -10.1953 8
      vertex 67.8047 -10.3516 8
      vertex 56.8711 -10.0742 8
    endloop
  endfacet
  facet normal -0 0 1
    outer loop
      vertex 56.1602 -10.2891 8
      vertex 67.8047 -10.3516 8
      vertex 56.5352 -10.1953 8
    endloop
  endfacet
  facet normal 0 0 1
    outer loop
      vertex 67.8047 -10.3516 8
      vertex 56.1602 -10.2891 8
      vertex 68.0391 -10.3906 8
    endloop
  endfacet
  facet normal -0 0 1
    outer loop
      vertex 55.7617 -10.3555 8
      vertex 68.0391 -10.3906 8
      vertex 56.1602 -10.2891 8
    endloop
  endfacet
  facet normal 0 0 1
    outer loop
      vertex 55.3164 -10.3906 8
      vertex 68.0391 -10.3906 8
      vertex 55.7617 -10.3555 8
    endloop
  endfacet
  facet normal 0 0 1
    outer loop
      vertex 68.0391 -10.3906 8
      vertex 55.3164 -10.3906 8
      vertex -16.75 -28 8
    endloop
  endfacet
  facet normal 0 0 1
    outer loop
      vertex -16.75 -28 8
      vertex 55.3164 -10.3906 8
      vertex 54.8359 -10.3984 8
    endloop
  endfacet
  facet normal 0 0 1
    outer loop
      vertex -16.75 -28 8
      vertex 54.8359 -10.3984 8
      vertex 48.0156 -10.3984 8
    endloop
  endfacet
  facet normal 0 0 1
    outer loop
      vertex -16.75 -28 8
      vertex 48.0156 -10.3984 8
      vertex 47.7539 -10.3906 8
    endloop
  endfacet
  facet normal 0 0 1
    outer loop
      vertex -16.75 28 8
      vertex 45.3945 7.76172 8
      vertex 45.25 9.69922 8
    endloop
  endfacet
  facet normal 0 0 1
    outer loop
      vertex -16.75 28 8
      vertex 45.5586 5.83203 8
      vertex 45.3945 7.76172 8
    endloop
  endfacet
  facet normal 0 0 1
    outer loop
      vertex -16.75 28 8
      vertex 45.9102 1.96875 8
      vertex 45.5586 5.83203 8
    endloop
  endfacet
  facet normal 0 0 1
    outer loop
      vertex -16.75 -28 8
      vertex 45.9102 1.96875 8
      vertex -16.75 28 8
    endloop
  endfacet
  facet normal 0 0 1
    outer loop
      vertex 45.9102 1.96875 8
      vertex -16.75 -28 8
      vertex 46.6445 -5.74219 8
    endloop
  endfacet
  facet normal 0 0 1
    outer loop
      vertex 46.6445 -5.74219 8
      vertex -16.75 -28 8
      vertex 47.0625 -9.59375 8
    endloop
  endfacet
  facet normal 0 0 1
    outer loop
      vertex 47.0625 -9.59375 8
      vertex -16.75 -28 8
      vertex 47.1133 -9.85938 8
    endloop
  endfacet
  facet normal 0 0 1
    outer loop
      vertex 47.1133 -9.85938 8
      vertex -16.75 -28 8
      vertex 47.207 -10.0703 8
    endloop
  endfacet
  facet normal 0 0 1
    outer loop
      vertex 47.207 -10.0703 8
      vertex -16.75 -28 8
      vertex 47.3438 -10.2227 8
    endloop
  endfacet
  facet normal 0 0 1
    outer loop
      vertex 111.082 -10.3398 8
      vertex -16.75 -28 8
      vertex 227.25 -28 8
    endloop
  endfacet
  facet normal 0 0 1
    outer loop
      vertex 47.5195 -10.3281 8
      vertex -16.75 -28 8
      vertex 47.7539 -10.3906 8
    endloop
  endfacet
  facet normal 0 0 1
    outer loop
      vertex 47.3438 -10.2227 8
      vertex -16.75 -28 8
      vertex 47.5195 -10.3281 8
    endloop
  endfacet
  facet normal 0 0 1
    outer loop
      vertex -19.75 25 8
      vertex -16.75 28 8
      vertex -17.2193 27.9631 8
    endloop
  endfacet
  facet normal 0 0 1
    outer loop
      vertex -16.75 28 8
      vertex -19.75 25 8
      vertex -16.75 -28 8
    endloop
  endfacet
  facet normal 0 0 1
    outer loop
      vertex -19.75 25 8
      vertex -17.2193 27.9631 8
      vertex -17.6771 27.8532 8
    endloop
  endfacet
  facet normal -0 0 1
    outer loop
      vertex -19.75 -25 8
      vertex -16.75 -28 8
      vertex -19.75 25 8
    endloop
  endfacet
  facet normal 0 0 1
    outer loop
      vertex -19.75 25 8
      vertex -17.6771 27.8532 8
      vertex -18.112 27.673 8
    endloop
  endfacet
  facet normal 0 0 1
    outer loop
      vertex -16.75 -28 8
      vertex -19.75 -25 8
      vertex -17.2193 -27.9631 8
    endloop
  endfacet
  facet normal 0 0 1
    outer loop
      vertex -19.75 25 8
      vertex -18.112 27.673 8
      vertex -18.5134 27.4271 8
    endloop
  endfacet
  facet normal 0 0 1
    outer loop
      vertex -17.2193 -27.9631 8
      vertex -19.75 -25 8
      vertex -17.6771 -27.8532 8
    endloop
  endfacet
  facet normal 0 0 1
    outer loop
      vertex -19.75 25 8
      vertex -18.5134 27.4271 8
      vertex -18.8713 27.1213 8
    endloop
  endfacet
  facet normal 0 0 1
    outer loop
      vertex -17.6771 -27.8532 8
      vertex -19.75 -25 8
      vertex -18.112 -27.673 8
    endloop
  endfacet
  facet normal 0 0 1
    outer loop
      vertex -19.75 25 8
      vertex -18.8713 27.1213 8
      vertex -19.1771 26.7634 8
    endloop
  endfacet
  facet normal 0 0 1
    outer loop
      vertex -18.112 -27.673 8
      vertex -19.75 -25 8
      vertex -18.5134 -27.4271 8
    endloop
  endfacet
  facet normal 0 0 1
    outer loop
      vertex -19.75 25 8
      vertex -19.1771 26.7634 8
      vertex -19.423 26.362 8
    endloop
  endfacet
  facet normal 0 0 1
    outer loop
      vertex -18.5134 -27.4271 8
      vertex -19.75 -25 8
      vertex -18.8713 -27.1213 8
    endloop
  endfacet
  facet normal 0 0 1
    outer loop
      vertex -19.75 25 8
      vertex -19.423 26.362 8
      vertex -19.6032 25.9271 8
    endloop
  endfacet
  facet normal 0 0 1
    outer loop
      vertex -18.8713 -27.1213 8
      vertex -19.75 -25 8
      vertex -19.1771 -26.7634 8
    endloop
  endfacet
  facet normal 0 0 1
    outer loop
      vertex -19.75 25 8
      vertex -19.6032 25.9271 8
      vertex -19.7131 25.4693 8
    endloop
  endfacet
  facet normal 0 0 1
    outer loop
      vertex -19.1771 -26.7634 8
      vertex -19.75 -25 8
      vertex -19.423 -26.362 8
    endloop
  endfacet
  facet normal 0 0 1
    outer loop
      vertex -19.423 -26.362 8
      vertex -19.75 -25 8
      vertex -19.6032 -25.9271 8
    endloop
  endfacet
  facet normal 0 0 1
    outer loop
      vertex -19.6032 -25.9271 8
      vertex -19.75 -25 8
      vertex -19.7131 -25.4693 8
    endloop
  endfacet
  facet normal 0 0 1
    outer loop
      vertex 132.633 5.40234 8
      vertex 136.918 1.35156 8
      vertex 136.918 1.38672 8
    endloop
  endfacet
  facet normal 0 0 1
    outer loop
      vertex 132.633 5.40234 8
      vertex 125.066 -5.03125 8
      vertex 136.918 1.35156 8
    endloop
  endfacet
  facet normal 0 0 1
    outer loop
      vertex 123.637 5.91016 8
      vertex 128.215 9.59766 8
      vertex 123.66 6.54297 8
    endloop
  endfacet
  facet normal 0 0 1
    outer loop
      vertex 123.66 6.54297 8
      vertex 128.215 9.59766 8
      vertex 128.125 9.70312 8
    endloop
  endfacet
  facet normal 0 0 1
    outer loop
      vertex 123.66 6.54297 8
      vertex 128.125 9.70312 8
      vertex 128.047 9.80859 8
    endloop
  endfacet
  facet normal 0 0 1
    outer loop
      vertex 123.66 6.54297 8
      vertex 128.047 9.80859 8
      vertex 127.965 10.0234 8
    endloop
  endfacet
  facet normal 0 0 1
    outer loop
      vertex 123.066 8.51953 8
      vertex 127.965 10.0234 8
      vertex 127.953 10.1289 8
    endloop
  endfacet
  facet normal 0 0 1
    outer loop
      vertex 123.551 5.28125 8
      vertex 132.633 5.40234 8
      vertex 123.637 5.91016 8
    endloop
  endfacet
  facet normal 0 0 1
    outer loop
      vertex 123.402 4.66406 8
      vertex 132.633 5.40234 8
      vertex 123.551 5.28125 8
    endloop
  endfacet
  facet normal 0 0 1
    outer loop
      vertex 123.227 4.08594 8
      vertex 132.633 5.40234 8
      vertex 123.402 4.66406 8
    endloop
  endfacet
  facet normal 0 0 1
    outer loop
      vertex 123.039 3.58984 8
      vertex 132.633 5.40234 8
      vertex 123.227 4.08594 8
    endloop
  endfacet
  facet normal 0 0 1
    outer loop
      vertex 122.738 2.91016 8
      vertex 132.633 5.40234 8
      vertex 123.039 3.58984 8
    endloop
  endfacet
  facet normal 0 0 1
    outer loop
      vertex 132.633 5.40234 8
      vertex 122.738 2.91016 8
      vertex 125.066 -5.03125 8
    endloop
  endfacet
  facet normal -0 0 1
    outer loop
      vertex 122.387 2.26172 8
      vertex 125.066 -5.03125 8
      vertex 122.738 2.91016 8
    endloop
  endfacet
  facet normal -0 0 1
    outer loop
      vertex 121.988 1.63281 8
      vertex 125.066 -5.03125 8
      vertex 122.387 2.26172 8
    endloop
  endfacet
  facet normal -0 0 1
    outer loop
      vertex 121.555 1.02734 8
      vertex 125.066 -5.03125 8
      vertex 121.988 1.63281 8
    endloop
  endfacet
  facet normal -0 0 1
    outer loop
      vertex 121.074 0.457031 8
      vertex 125.066 -5.03125 8
      vertex 121.555 1.02734 8
    endloop
  endfacet
  facet normal -0 0 1
    outer loop
      vertex 120.562 -0.0859375 8
      vertex 125.066 -5.03125 8
      vertex 121.074 0.457031 8
    endloop
  endfacet
  facet normal -0 0 1
    outer loop
      vertex 120.023 -0.59375 8
      vertex 125.066 -5.03125 8
      vertex 120.562 -0.0859375 8
    endloop
  endfacet
  facet normal -0 0 1
    outer loop
      vertex 119.449 -1.05859 8
      vertex 125.066 -5.03125 8
      vertex 120.023 -0.59375 8
    endloop
  endfacet
  facet normal -0 0 1
    outer loop
      vertex 118.848 -1.49609 8
      vertex 125.066 -5.03125 8
      vertex 119.449 -1.05859 8
    endloop
  endfacet
  facet normal 0 0 1
    outer loop
      vertex 125.066 -5.03125 8
      vertex 118.848 -1.49609 8
      vertex 119.164 -8.23828 8
    endloop
  endfacet
  facet normal -0 0 1
    outer loop
      vertex 118.215 -1.89844 8
      vertex 119.164 -8.23828 8
      vertex 118.848 -1.49609 8
    endloop
  endfacet
  facet normal -0 0 1
    outer loop
      vertex 117.582 -2.28125 8
      vertex 119.164 -8.23828 8
      vertex 118.215 -1.89844 8
    endloop
  endfacet
  facet normal 0 0 1
    outer loop
      vertex 119.164 -8.23828 8
      vertex 117.582 -2.28125 8
      vertex 119.137 -8.23828 8
    endloop
  endfacet
  facet normal -0 0 1
    outer loop
      vertex 116.918 -2.60547 8
      vertex 119.137 -8.23828 8
      vertex 117.582 -2.28125 8
    endloop
  endfacet
  facet normal -0 0 1
    outer loop
      vertex 116.234 -2.91016 8
      vertex 119.137 -8.23828 8
      vertex 116.918 -2.60547 8
    endloop
  endfacet
  facet normal -0 0 1
    outer loop
      vertex 115.539 -3.17969 8
      vertex 119.137 -8.23828 8
      vertex 116.234 -2.91016 8
    endloop
  endfacet
  facet normal -0 0 1
    outer loop
      vertex 114.84 -3.40625 8
      vertex 119.137 -8.23828 8
      vertex 115.539 -3.17969 8
    endloop
  endfacet
  facet normal 0 0 1
    outer loop
      vertex 114.109 -3.66016 8
      vertex 114.84 -3.40625 8
      vertex 114.109 -3.64844 8
    endloop
  endfacet
  facet normal 0 0 1
    outer loop
      vertex 114.84 -3.40625 8
      vertex 114.109 -3.66016 8
      vertex 119.137 -8.23828 8
    endloop
  endfacet
  facet normal -0 0 1
    outer loop
      vertex 88.1797 9.73047 8
      vertex 92.043 8.76562 8
      vertex 88.2578 9.93359 8
    endloop
  endfacet
  facet normal 0 0 1
    outer loop
      vertex 86.4531 6.35156 8
      vertex 92.043 8.76562 8
      vertex 88.1797 9.73047 8
    endloop
  endfacet
  facet normal 0 0 1
    outer loop
      vertex 92.043 8.76562 8
      vertex 86.4531 6.35156 8
      vertex 88.7812 2.60156 8
    endloop
  endfacet
  facet normal 0 0 1
    outer loop
      vertex 83.8125 1.30078 8
      vertex 88.7812 2.60156 8
      vertex 86.4531 6.35156 8
    endloop
  endfacet
  facet normal 0 0 1
    outer loop
      vertex 88.7812 2.60156 8
      vertex 83.8125 1.30078 8
      vertex 85.5898 -3.54688 8
    endloop
  endfacet
  facet normal 0 0 1
    outer loop
      vertex 80.9844 -4.03906 8
      vertex 85.5898 -3.54688 8
      vertex 83.8125 1.30078 8
    endloop
  endfacet
  facet normal 0 0 1
    outer loop
      vertex 85.5898 -3.54688 8
      vertex 80.9844 -4.03906 8
      vertex 82.5117 -9.62891 8
    endloop
  endfacet
  facet normal 0 0 1
    outer loop
      vertex 82.5117 -9.62891 8
      vertex 78.7812 -8.14453 8
      vertex 82.4531 -9.78906 8
    endloop
  endfacet
  facet normal -0 0 1
    outer loop
      vertex 78.7812 -8.14453 8
      vertex 82.5117 -9.62891 8
      vertex 80.9844 -4.03906 8
    endloop
  endfacet
  facet normal -0.760403 0.649452 0
    outer loop
      vertex -19.1771 26.7634 5
      vertex -18.8713 27.1213 8
      vertex -18.8713 27.1213 5
    endloop
  endfacet
  facet normal -0.760403 0.649452 0
    outer loop
      vertex -18.8713 27.1213 8
      vertex -19.1771 26.7634 5
      vertex -19.1771 26.7634 8
    endloop
  endfacet
  facet normal 0 -1 0
    outer loop
      vertex -16.75 -28 5
      vertex 227.25 -28 8
      vertex -16.75 -28 8
    endloop
  endfacet
  facet normal 0 -1 -0
    outer loop
      vertex 227.25 -28 8
      vertex -16.75 -28 5
      vertex 227.25 -28 5
    endloop
  endfacet
  facet normal -1 0 0
    outer loop
      vertex -19.75 -25 5
      vertex -19.75 25 8
      vertex -19.75 25 5
    endloop
  endfacet
  facet normal -1 -0 0
    outer loop
      vertex -19.75 25 8
      vertex -19.75 -25 5
      vertex -19.75 -25 8
    endloop
  endfacet
  facet normal -0.996917 -0.0784609 0
    outer loop
      vertex -19.7131 -25.4693 5
      vertex -19.75 -25 8
      vertex -19.75 -25 5
    endloop
  endfacet
  facet normal -0.996917 -0.0784609 0
    outer loop
      vertex -19.75 -25 8
      vertex -19.7131 -25.4693 5
      vertex -19.7131 -25.4693 8
    endloop
  endfacet
  facet normal -0.233445 -0.97237 0
    outer loop
      vertex -17.6771 -27.8532 5
      vertex -17.2193 -27.9631 8
      vertex -17.6771 -27.8532 8
    endloop
  endfacet
  facet normal -0.233445 -0.97237 -0
    outer loop
      vertex -17.2193 -27.9631 8
      vertex -17.6771 -27.8532 5
      vertex -17.2193 -27.9631 5
    endloop
  endfacet
  facet normal -0.92388 -0.382683 0
    outer loop
      vertex -19.423 -26.362 5
      vertex -19.6032 -25.9271 8
      vertex -19.6032 -25.9271 5
    endloop
  endfacet
  facet normal -0.92388 -0.382683 0
    outer loop
      vertex -19.6032 -25.9271 8
      vertex -19.423 -26.362 5
      vertex -19.423 -26.362 8
    endloop
  endfacet
  facet normal -0.92388 0.382683 0
    outer loop
      vertex -19.6032 25.9271 5
      vertex -19.423 26.362 8
      vertex -19.423 26.362 5
    endloop
  endfacet
  facet normal -0.92388 0.382683 0
    outer loop
      vertex -19.423 26.362 8
      vertex -19.6032 25.9271 5
      vertex -19.6032 25.9271 8
    endloop
  endfacet
  facet normal -0.382683 0.92388 0
    outer loop
      vertex -17.6771 27.8532 5
      vertex -18.112 27.673 8
      vertex -17.6771 27.8532 8
    endloop
  endfacet
  facet normal -0.382683 0.92388 0
    outer loop
      vertex -18.112 27.673 8
      vertex -17.6771 27.8532 5
      vertex -18.112 27.673 5
    endloop
  endfacet
  facet normal -0.233445 0.97237 0
    outer loop
      vertex -17.2193 27.9631 5
      vertex -17.6771 27.8532 8
      vertex -17.2193 27.9631 8
    endloop
  endfacet
  facet normal -0.233445 0.97237 0
    outer loop
      vertex -17.6771 27.8532 8
      vertex -17.2193 27.9631 5
      vertex -17.6771 27.8532 5
    endloop
  endfacet
  facet normal -0.0784609 0.996917 0
    outer loop
      vertex -16.75 28 5
      vertex -17.2193 27.9631 8
      vertex -16.75 28 8
    endloop
  endfacet
  facet normal -0.0784609 0.996917 0
    outer loop
      vertex -17.2193 27.9631 8
      vertex -16.75 28 5
      vertex -17.2193 27.9631 5
    endloop
  endfacet
  facet normal 0 1 -0
    outer loop
      vertex 227.25 28 5
      vertex -16.75 28 8
      vertex 227.25 28 8
    endloop
  endfacet
  facet normal 0 1 0
    outer loop
      vertex -16.75 28 8
      vertex 227.25 28 5
      vertex -16.75 28 5
    endloop
  endfacet
  facet normal 1 -0 0
    outer loop
      vertex 230.25 -25 8
      vertex 230.25 25 5
      vertex 230.25 25 8
    endloop
  endfacet
  facet normal 1 0 0
    outer loop
      vertex 230.25 25 5
      vertex 230.25 -25 8
      vertex 230.25 -25 5
    endloop
  endfacet
  facet normal -0.0784609 -0.996917 0
    outer loop
      vertex -17.2193 -27.9631 5
      vertex -16.75 -28 8
      vertex -17.2193 -27.9631 8
    endloop
  endfacet
  facet normal -0.0784609 -0.996917 -0
    outer loop
      vertex -16.75 -28 8
      vertex -17.2193 -27.9631 5
      vertex -16.75 -28 5
    endloop
  endfacet
  facet normal -0.522497 -0.852641 0
    outer loop
      vertex -18.5134 -27.4271 5
      vertex -18.112 -27.673 8
      vertex -18.5134 -27.4271 8
    endloop
  endfacet
  facet normal -0.522497 -0.852641 -0
    outer loop
      vertex -18.112 -27.673 8
      vertex -18.5134 -27.4271 5
      vertex -18.112 -27.673 5
    endloop
  endfacet
  facet normal -0.852641 -0.522497 0
    outer loop
      vertex -19.1771 -26.7634 5
      vertex -19.423 -26.362 8
      vertex -19.423 -26.362 5
    endloop
  endfacet
  facet normal -0.852641 -0.522497 0
    outer loop
      vertex -19.423 -26.362 8
      vertex -19.1771 -26.7634 5
      vertex -19.1771 -26.7634 8
    endloop
  endfacet
  facet normal -0.649452 -0.760403 0
    outer loop
      vertex -18.8713 -27.1213 5
      vertex -18.5134 -27.4271 8
      vertex -18.8713 -27.1213 8
    endloop
  endfacet
  facet normal -0.649452 -0.760403 -0
    outer loop
      vertex -18.5134 -27.4271 8
      vertex -18.8713 -27.1213 5
      vertex -18.5134 -27.4271 5
    endloop
  endfacet
  facet normal -0.97237 -0.233445 0
    outer loop
      vertex -19.6032 -25.9271 5
      vertex -19.7131 -25.4693 8
      vertex -19.7131 -25.4693 5
    endloop
  endfacet
  facet normal -0.97237 -0.233445 0
    outer loop
      vertex -19.7131 -25.4693 8
      vertex -19.6032 -25.9271 5
      vertex -19.6032 -25.9271 8
    endloop
  endfacet
  facet normal -0.996917 0.0784609 0
    outer loop
      vertex -19.75 25 5
      vertex -19.7131 25.4693 8
      vertex -19.7131 25.4693 5
    endloop
  endfacet
  facet normal -0.996917 0.0784609 0
    outer loop
      vertex -19.7131 25.4693 8
      vertex -19.75 25 5
      vertex -19.75 25 8
    endloop
  endfacet
  facet normal -0.97237 0.233445 0
    outer loop
      vertex -19.7131 25.4693 5
      vertex -19.6032 25.9271 8
      vertex -19.6032 25.9271 5
    endloop
  endfacet
  facet normal -0.97237 0.233445 0
    outer loop
      vertex -19.6032 25.9271 8
      vertex -19.7131 25.4693 5
      vertex -19.7131 25.4693 8
    endloop
  endfacet
  facet normal -0.852641 0.522497 0
    outer loop
      vertex -19.423 26.362 5
      vertex -19.1771 26.7634 8
      vertex -19.1771 26.7634 5
    endloop
  endfacet
  facet normal -0.852641 0.522497 0
    outer loop
      vertex -19.1771 26.7634 8
      vertex -19.423 26.362 5
      vertex -19.423 26.362 8
    endloop
  endfacet
  facet normal -0.522497 0.852641 0
    outer loop
      vertex -18.112 27.673 5
      vertex -18.5134 27.4271 8
      vertex -18.112 27.673 8
    endloop
  endfacet
  facet normal -0.522497 0.852641 0
    outer loop
      vertex -18.5134 27.4271 8
      vertex -18.112 27.673 5
      vertex -18.5134 27.4271 5
    endloop
  endfacet
  facet normal -0.649452 0.760403 0
    outer loop
      vertex -18.5134 27.4271 5
      vertex -18.8713 27.1213 8
      vertex -18.5134 27.4271 8
    endloop
  endfacet
  facet normal -0.649452 0.760403 0
    outer loop
      vertex -18.8713 27.1213 8
      vertex -18.5134 27.4271 5
      vertex -18.8713 27.1213 5
    endloop
  endfacet
  facet normal 0.852637 -0.522503 0
    outer loop
      vertex 229.677 -26.7634 8
      vertex 229.923 -26.362 5
      vertex 229.923 -26.362 8
    endloop
  endfacet
  facet normal 0.852637 -0.522503 0
    outer loop
      vertex 229.923 -26.362 5
      vertex 229.677 -26.7634 8
      vertex 229.677 -26.7634 5
    endloop
  endfacet
  facet normal 0.522499 -0.85264 0
    outer loop
      vertex 228.612 -27.673 5
      vertex 229.013 -27.4271 8
      vertex 228.612 -27.673 8
    endloop
  endfacet
  facet normal 0.522499 -0.85264 0
    outer loop
      vertex 229.013 -27.4271 8
      vertex 228.612 -27.673 5
      vertex 229.013 -27.4271 5
    endloop
  endfacet
  facet normal 0.923883 0.382676 0
    outer loop
      vertex 230.103 25.9271 8
      vertex 229.923 26.362 5
      vertex 229.923 26.362 8
    endloop
  endfacet
  facet normal 0.923883 0.382676 0
    outer loop
      vertex 229.923 26.362 5
      vertex 230.103 25.9271 8
      vertex 230.103 25.9271 5
    endloop
  endfacet
  facet normal -0.382683 -0.92388 0
    outer loop
      vertex -18.112 -27.673 5
      vertex -17.6771 -27.8532 8
      vertex -18.112 -27.673 8
    endloop
  endfacet
  facet normal -0.382683 -0.92388 -0
    outer loop
      vertex -17.6771 -27.8532 8
      vertex -18.112 -27.673 5
      vertex -17.6771 -27.8532 5
    endloop
  endfacet
  facet normal -0.760403 -0.649452 0
    outer loop
      vertex -18.8713 -27.1213 5
      vertex -19.1771 -26.7634 8
      vertex -19.1771 -26.7634 5
    endloop
  endfacet
  facet normal -0.760403 -0.649452 0
    outer loop
      vertex -19.1771 -26.7634 8
      vertex -18.8713 -27.1213 5
      vertex -18.8713 -27.1213 8
    endloop
  endfacet
  facet normal 0.233445 -0.97237 0
    outer loop
      vertex 227.719 -27.9631 5
      vertex 228.177 -27.8532 8
      vertex 227.719 -27.9631 8
    endloop
  endfacet
  facet normal 0.233445 -0.97237 0
    outer loop
      vertex 228.177 -27.8532 8
      vertex 227.719 -27.9631 5
      vertex 228.177 -27.8532 5
    endloop
  endfacet
  facet normal 0.972371 -0.233442 0
    outer loop
      vertex 230.103 -25.9271 8
      vertex 230.213 -25.4693 5
      vertex 230.213 -25.4693 8
    endloop
  endfacet
  facet normal 0.972371 -0.233442 0
    outer loop
      vertex 230.213 -25.4693 5
      vertex 230.103 -25.9271 8
      vertex 230.103 -25.9271 5
    endloop
  endfacet
  facet normal 0.522499 0.85264 -0
    outer loop
      vertex 229.013 27.4271 5
      vertex 228.612 27.673 8
      vertex 229.013 27.4271 8
    endloop
  endfacet
  facet normal 0.522499 0.85264 0
    outer loop
      vertex 228.612 27.673 8
      vertex 229.013 27.4271 5
      vertex 228.612 27.673 5
    endloop
  endfacet
  facet normal 0.972371 0.233442 0
    outer loop
      vertex 230.213 25.4693 8
      vertex 230.103 25.9271 5
      vertex 230.103 25.9271 8
    endloop
  endfacet
  facet normal 0.972371 0.233442 0
    outer loop
      vertex 230.103 25.9271 5
      vertex 230.213 25.4693 8
      vertex 230.213 25.4693 5
    endloop
  endfacet
  facet normal 0.0784615 0.996917 -0
    outer loop
      vertex 227.719 27.9631 5
      vertex 227.25 28 8
      vertex 227.719 27.9631 8
    endloop
  endfacet
  facet normal 0.0784615 0.996917 0
    outer loop
      vertex 227.25 28 8
      vertex 227.719 27.9631 5
      vertex 227.25 28 5
    endloop
  endfacet
  facet normal 0.233445 0.97237 -0
    outer loop
      vertex 228.177 27.8532 5
      vertex 227.719 27.9631 8
      vertex 228.177 27.8532 8
    endloop
  endfacet
  facet normal 0.233445 0.97237 0
    outer loop
      vertex 227.719 27.9631 8
      vertex 228.177 27.8532 5
      vertex 227.719 27.9631 5
    endloop
  endfacet
  facet normal 0.382681 -0.92388 0
    outer loop
      vertex 228.177 -27.8532 5
      vertex 228.612 -27.673 8
      vertex 228.177 -27.8532 8
    endloop
  endfacet
  facet normal 0.382681 -0.92388 0
    outer loop
      vertex 228.612 -27.673 8
      vertex 228.177 -27.8532 5
      vertex 228.612 -27.673 5
    endloop
  endfacet
  facet normal 0.996916 -0.078473 0
    outer loop
      vertex 230.213 -25.4693 8
      vertex 230.25 -25 5
      vertex 230.25 -25 8
    endloop
  endfacet
  facet normal 0.996916 -0.078473 0
    outer loop
      vertex 230.25 -25 5
      vertex 230.213 -25.4693 8
      vertex 230.213 -25.4693 5
    endloop
  endfacet
  facet normal 0.923883 -0.382676 0
    outer loop
      vertex 229.923 -26.362 8
      vertex 230.103 -25.9271 5
      vertex 230.103 -25.9271 8
    endloop
  endfacet
  facet normal 0.923883 -0.382676 0
    outer loop
      vertex 230.103 -25.9271 5
      vertex 229.923 -26.362 8
      vertex 229.923 -26.362 5
    endloop
  endfacet
  facet normal 0.649444 -0.76041 0
    outer loop
      vertex 229.013 -27.4271 5
      vertex 229.371 -27.1213 8
      vertex 229.013 -27.4271 8
    endloop
  endfacet
  facet normal 0.649444 -0.76041 0
    outer loop
      vertex 229.371 -27.1213 8
      vertex 229.013 -27.4271 5
      vertex 229.371 -27.1213 5
    endloop
  endfacet
  facet normal 0.760411 -0.649442 0
    outer loop
      vertex 229.371 -27.1213 8
      vertex 229.677 -26.7634 5
      vertex 229.677 -26.7634 8
    endloop
  endfacet
  facet normal 0.760411 -0.649442 0
    outer loop
      vertex 229.677 -26.7634 5
      vertex 229.371 -27.1213 8
      vertex 229.371 -27.1213 5
    endloop
  endfacet
  facet normal 0.649444 0.76041 -0
    outer loop
      vertex 229.371 27.1213 5
      vertex 229.013 27.4271 8
      vertex 229.371 27.1213 8
    endloop
  endfacet
  facet normal 0.649444 0.76041 0
    outer loop
      vertex 229.013 27.4271 8
      vertex 229.371 27.1213 5
      vertex 229.013 27.4271 5
    endloop
  endfacet
  facet normal 0.996916 0.078473 0
    outer loop
      vertex 230.25 25 8
      vertex 230.213 25.4693 5
      vertex 230.213 25.4693 8
    endloop
  endfacet
  facet normal 0.996916 0.078473 0
    outer loop
      vertex 230.213 25.4693 5
      vertex 230.25 25 8
      vertex 230.25 25 5
    endloop
  endfacet
  facet normal 0.382681 0.92388 -0
    outer loop
      vertex 228.612 27.673 5
      vertex 228.177 27.8532 8
      vertex 228.612 27.673 8
    endloop
  endfacet
  facet normal 0.382681 0.92388 0
    outer loop
      vertex 228.177 27.8532 8
      vertex 228.612 27.673 5
      vertex 228.177 27.8532 5
    endloop
  endfacet
  facet normal 0.760411 0.649442 0
    outer loop
      vertex 229.677 26.7634 8
      vertex 229.371 27.1213 5
      vertex 229.371 27.1213 8
    endloop
  endfacet
  facet normal 0.760411 0.649442 0
    outer loop
      vertex 229.371 27.1213 5
      vertex 229.677 26.7634 8
      vertex 229.677 26.7634 5
    endloop
  endfacet
  facet normal 0.852637 0.522503 0
    outer loop
      vertex 229.923 26.362 8
      vertex 229.677 26.7634 5
      vertex 229.677 26.7634 8
    endloop
  endfacet
  facet normal 0.852637 0.522503 0
    outer loop
      vertex 229.677 26.7634 5
      vertex 229.923 26.362 8
      vertex 229.923 26.362 5
    endloop
  endfacet
  facet normal -0.0787025 0.996898 0
    outer loop
      vertex 55.7617 -10.3555 5
      vertex 55.3164 -10.3906 8
      vertex 55.7617 -10.3555 8
    endloop
  endfacet
  facet normal -0.0787025 0.996898 0
    outer loop
      vertex 55.3164 -10.3906 8
      vertex 55.7617 -10.3555 5
      vertex 55.3164 -10.3906 5
    endloop
  endfacet
  facet normal -0.164399 0.986394 0
    outer loop
      vertex 56.1602 -10.2891 5
      vertex 55.7617 -10.3555 8
      vertex 56.1602 -10.2891 8
    endloop
  endfacet
  facet normal -0.164399 0.986394 0
    outer loop
      vertex 55.7617 -10.3555 8
      vertex 56.1602 -10.2891 5
      vertex 55.7617 -10.3555 5
    endloop
  endfacet
  facet normal -0.242536 0.970143 0
    outer loop
      vertex 56.5352 -10.1953 5
      vertex 56.1602 -10.2891 8
      vertex 56.5352 -10.1953 8
    endloop
  endfacet
  facet normal -0.242536 0.970143 0
    outer loop
      vertex 56.1602 -10.2891 8
      vertex 56.5352 -10.1953 5
      vertex 56.1602 -10.2891 5
    endloop
  endfacet
  facet normal -0.339107 0.940748 0
    outer loop
      vertex 56.8711 -10.0742 5
      vertex 56.5352 -10.1953 8
      vertex 56.8711 -10.0742 8
    endloop
  endfacet
  facet normal -0.339107 0.940748 0
    outer loop
      vertex 56.5352 -10.1953 8
      vertex 56.8711 -10.0742 5
      vertex 56.5352 -10.1953 5
    endloop
  endfacet
  facet normal -0.460645 0.887584 0
    outer loop
      vertex 57.1797 -9.91406 5
      vertex 56.8711 -10.0742 8
      vertex 57.1797 -9.91406 8
    endloop
  endfacet
  facet normal -0.460645 0.887584 0
    outer loop
      vertex 56.8711 -10.0742 8
      vertex 57.1797 -9.91406 5
      vertex 56.8711 -10.0742 5
    endloop
  endfacet
  facet normal -0.533993 0.845489 0
    outer loop
      vertex 57.4766 -9.72656 5
      vertex 57.1797 -9.91406 8
      vertex 57.4766 -9.72656 8
    endloop
  endfacet
  facet normal -0.533993 0.845489 0
    outer loop
      vertex 57.1797 -9.91406 8
      vertex 57.4766 -9.72656 5
      vertex 57.1797 -9.91406 5
    endloop
  endfacet
  facet normal -0.633823 0.773478 0
    outer loop
      vertex 57.7578 -9.49609 5
      vertex 57.4766 -9.72656 8
      vertex 57.7578 -9.49609 8
    endloop
  endfacet
  facet normal -0.633823 0.773478 0
    outer loop
      vertex 57.4766 -9.72656 8
      vertex 57.7578 -9.49609 5
      vertex 57.4766 -9.72656 5
    endloop
  endfacet
  facet normal -0.702002 0.712175 0
    outer loop
      vertex 58.0312 -9.22656 5
      vertex 57.7578 -9.49609 8
      vertex 58.0312 -9.22656 8
    endloop
  endfacet
  facet normal -0.702002 0.712175 0
    outer loop
      vertex 57.7578 -9.49609 8
      vertex 58.0312 -9.22656 5
      vertex 57.7578 -9.49609 5
    endloop
  endfacet
  facet normal -0.779929 0.625869 0
    outer loop
      vertex 58.0312 -9.22656 5
      vertex 58.2852 -8.91016 8
      vertex 58.2852 -8.91016 5
    endloop
  endfacet
  facet normal -0.779929 0.625869 0
    outer loop
      vertex 58.2852 -8.91016 8
      vertex 58.0312 -9.22656 5
      vertex 58.0312 -9.22656 8
    endloop
  endfacet
  facet normal -0.797867 0.602833 0
    outer loop
      vertex 58.2852 -8.91016 5
      vertex 58.5508 -8.55859 8
      vertex 58.5508 -8.55859 5
    endloop
  endfacet
  facet normal -0.797867 0.602833 0
    outer loop
      vertex 58.5508 -8.55859 8
      vertex 58.2852 -8.91016 5
      vertex 58.2852 -8.91016 8
    endloop
  endfacet
  facet normal -0.820741 0.5713 0
    outer loop
      vertex 58.5508 -8.55859 5
      vertex 58.8281 -8.16016 8
      vertex 58.8281 -8.16016 5
    endloop
  endfacet
  facet normal -0.820741 0.5713 0
    outer loop
      vertex 58.8281 -8.16016 8
      vertex 58.5508 -8.55859 5
      vertex 58.5508 -8.55859 8
    endloop
  endfacet
  facet normal -0.842047 0.539404 0
    outer loop
      vertex 58.8281 -8.16016 5
      vertex 60.875 -4.96484 8
      vertex 60.875 -4.96484 5
    endloop
  endfacet
  facet normal -0.842047 0.539404 0
    outer loop
      vertex 60.875 -4.96484 8
      vertex 58.8281 -8.16016 5
      vertex 58.8281 -8.16016 8
    endloop
  endfacet
  facet normal -0.84364 0.536909 0
    outer loop
      vertex 60.875 -4.96484 5
      vertex 64.957 1.44922 8
      vertex 64.957 1.44922 5
    endloop
  endfacet
  facet normal -0.84364 0.536909 0
    outer loop
      vertex 64.957 1.44922 8
      vertex 60.875 -4.96484 5
      vertex 60.875 -4.96484 8
    endloop
  endfacet
  facet normal -0.707107 0.707107 0
    outer loop
      vertex 64.957 1.44922 5
      vertex 64.9883 1.48047 8
      vertex 64.9883 1.48047 5
    endloop
  endfacet
  facet normal -0.707107 0.707107 0
    outer loop
      vertex 64.9883 1.48047 8
      vertex 64.957 1.44922 5
      vertex 64.957 1.44922 8
    endloop
  endfacet
  facet normal 0.254493 0.967075 -0
    outer loop
      vertex 65.0625 1.46094 5
      vertex 64.9883 1.48047 8
      vertex 65.0625 1.46094 8
    endloop
  endfacet
  facet normal 0.254493 0.967075 0
    outer loop
      vertex 64.9883 1.48047 8
      vertex 65.0625 1.46094 5
      vertex 64.9883 1.48047 5
    endloop
  endfacet
  facet normal 0.948683 0.316228 0
    outer loop
      vertex 65.082 1.40234 8
      vertex 65.0625 1.46094 5
      vertex 65.0625 1.46094 8
    endloop
  endfacet
  facet normal 0.948683 0.316228 0
    outer loop
      vertex 65.0625 1.46094 5
      vertex 65.082 1.40234 8
      vertex 65.082 1.40234 5
    endloop
  endfacet
  facet normal 0.981371 0.19212 0
    outer loop
      vertex 66.5273 -5.98047 8
      vertex 65.082 1.40234 5
      vertex 65.082 1.40234 8
    endloop
  endfacet
  facet normal 0.981371 0.19212 0
    outer loop
      vertex 65.082 1.40234 5
      vertex 66.5273 -5.98047 8
      vertex 66.5273 -5.98047 5
    endloop
  endfacet
  facet normal 0.979324 0.202297 0
    outer loop
      vertex 67.2891 -9.66797 8
      vertex 66.5273 -5.98047 5
      vertex 66.5273 -5.98047 8
    endloop
  endfacet
  facet normal 0.979324 0.202297 0
    outer loop
      vertex 66.5273 -5.98047 5
      vertex 67.2891 -9.66797 8
      vertex 67.2891 -9.66797 5
    endloop
  endfacet
  facet normal 0.965755 0.259457 0
    outer loop
      vertex 67.3594 -9.92969 8
      vertex 67.2891 -9.66797 5
      vertex 67.2891 -9.66797 8
    endloop
  endfacet
  facet normal 0.965755 0.259457 0
    outer loop
      vertex 67.2891 -9.66797 5
      vertex 67.3594 -9.92969 8
      vertex 67.3594 -9.92969 5
    endloop
  endfacet
  facet normal 0.883788 0.467888 0
    outer loop
      vertex 67.4648 -10.1289 8
      vertex 67.3594 -9.92969 5
      vertex 67.3594 -9.92969 8
    endloop
  endfacet
  facet normal 0.883788 0.467888 0
    outer loop
      vertex 67.3594 -9.92969 5
      vertex 67.4648 -10.1289 8
      vertex 67.4648 -10.1289 5
    endloop
  endfacet
  facet normal 0.67828 0.734803 -0
    outer loop
      vertex 67.6172 -10.2695 5
      vertex 67.4648 -10.1289 8
      vertex 67.6172 -10.2695 8
    endloop
  endfacet
  facet normal 0.67828 0.734803 0
    outer loop
      vertex 67.4648 -10.1289 8
      vertex 67.6172 -10.2695 5
      vertex 67.4648 -10.1289 5
    endloop
  endfacet
  facet normal 0.400819 0.916157 -0
    outer loop
      vertex 67.8047 -10.3516 5
      vertex 67.6172 -10.2695 8
      vertex 67.8047 -10.3516 8
    endloop
  endfacet
  facet normal 0.400819 0.916157 0
    outer loop
      vertex 67.6172 -10.2695 8
      vertex 67.8047 -10.3516 5
      vertex 67.6172 -10.2695 5
    endloop
  endfacet
  facet normal 0.164399 0.986394 -0
    outer loop
      vertex 68.0391 -10.3906 5
      vertex 67.8047 -10.3516 8
      vertex 68.0391 -10.3906 8
    endloop
  endfacet
  facet normal 0.164399 0.986394 0
    outer loop
      vertex 67.8047 -10.3516 8
      vertex 68.0391 -10.3906 5
      vertex 67.8047 -10.3516 5
    endloop
  endfacet
  facet normal 0 1 -0
    outer loop
      vertex 75 -10.3906 5
      vertex 68.0391 -10.3906 8
      vertex 75 -10.3906 8
    endloop
  endfacet
  facet normal 0 1 0
    outer loop
      vertex 68.0391 -10.3906 8
      vertex 75 -10.3906 5
      vertex 68.0391 -10.3906 5
    endloop
  endfacet
  facet normal -0.016258 0.999868 0
    outer loop
      vertex 75.4805 -10.3828 5
      vertex 75 -10.3906 8
      vertex 75.4805 -10.3828 8
    endloop
  endfacet
  facet normal -0.016258 0.999868 0
    outer loop
      vertex 75 -10.3906 8
      vertex 75.4805 -10.3828 5
      vertex 75 -10.3906 5
    endloop
  endfacet
  facet normal -0.0738717 0.997268 0
    outer loop
      vertex 75.9023 -10.3516 5
      vertex 75.4805 -10.3828 8
      vertex 75.9023 -10.3516 8
    endloop
  endfacet
  facet normal -0.0738717 0.997268 0
    outer loop
      vertex 75.4805 -10.3828 8
      vertex 75.9023 -10.3516 5
      vertex 75.4805 -10.3828 5
    endloop
  endfacet
  facet normal -0.164399 0.986394 0
    outer loop
      vertex 76.3008 -10.2852 5
      vertex 75.9023 -10.3516 8
      vertex 76.3008 -10.2852 8
    endloop
  endfacet
  facet normal -0.164399 0.986394 0
    outer loop
      vertex 75.9023 -10.3516 8
      vertex 76.3008 -10.2852 5
      vertex 75.9023 -10.3516 5
    endloop
  endfacet
  facet normal -0.242536 0.970143 0
    outer loop
      vertex 76.6602 -10.1953 5
      vertex 76.3008 -10.2852 8
      vertex 76.6602 -10.1953 8
    endloop
  endfacet
  facet normal -0.242536 0.970143 0
    outer loop
      vertex 76.3008 -10.2852 8
      vertex 76.6602 -10.1953 5
      vertex 76.3008 -10.2852 5
    endloop
  endfacet
  facet normal -0.329844 0.944036 0
    outer loop
      vertex 76.9844 -10.082 5
      vertex 76.6602 -10.1953 8
      vertex 76.9844 -10.082 8
    endloop
  endfacet
  facet normal -0.329844 0.944036 0
    outer loop
      vertex 76.6602 -10.1953 8
      vertex 76.9844 -10.082 5
      vertex 76.6602 -10.1953 5
    endloop
  endfacet
  facet normal -0.465746 0.884918 0
    outer loop
      vertex 77.2812 -9.92578 5
      vertex 76.9844 -10.082 8
      vertex 77.2812 -9.92578 8
    endloop
  endfacet
  facet normal -0.465746 0.884918 0
    outer loop
      vertex 76.9844 -10.082 8
      vertex 77.2812 -9.92578 5
      vertex 76.9844 -10.082 5
    endloop
  endfacet
  facet normal -0.562624 0.826713 0
    outer loop
      vertex 77.5625 -9.73438 5
      vertex 77.2812 -9.92578 8
      vertex 77.5625 -9.73438 8
    endloop
  endfacet
  facet normal -0.562624 0.826713 0
    outer loop
      vertex 77.2812 -9.92578 8
      vertex 77.5625 -9.73438 5
      vertex 77.2812 -9.92578 5
    endloop
  endfacet
  facet normal -0.672673 0.73994 0
    outer loop
      vertex 77.8203 -9.5 5
      vertex 77.5625 -9.73438 8
      vertex 77.8203 -9.5 8
    endloop
  endfacet
  facet normal -0.672673 0.73994 0
    outer loop
      vertex 77.5625 -9.73438 8
      vertex 77.8203 -9.5 5
      vertex 77.5625 -9.73438 5
    endloop
  endfacet
  facet normal -0.72789 0.685694 0
    outer loop
      vertex 77.8203 -9.5 5
      vertex 78.0742 -9.23047 8
      vertex 78.0742 -9.23047 5
    endloop
  endfacet
  facet normal -0.72789 0.685694 0
    outer loop
      vertex 78.0742 -9.23047 8
      vertex 77.8203 -9.5 5
      vertex 77.8203 -9.5 8
    endloop
  endfacet
  facet normal -0.804803 0.593542 0
    outer loop
      vertex 78.0742 -9.23047 5
      vertex 78.3047 -8.91797 8
      vertex 78.3047 -8.91797 5
    endloop
  endfacet
  facet normal -0.804803 0.593542 0
    outer loop
      vertex 78.3047 -8.91797 8
      vertex 78.0742 -9.23047 5
      vertex 78.0742 -9.23047 8
    endloop
  endfacet
  facet normal -0.833441 0.552608 0
    outer loop
      vertex 78.3047 -8.91797 5
      vertex 78.543 -8.55859 8
      vertex 78.543 -8.55859 5
    endloop
  endfacet
  facet normal -0.833441 0.552608 0
    outer loop
      vertex 78.543 -8.55859 8
      vertex 78.3047 -8.91797 5
      vertex 78.3047 -8.91797 8
    endloop
  endfacet
  facet normal -0.86673 0.498778 0
    outer loop
      vertex 78.543 -8.55859 5
      vertex 78.7812 -8.14453 8
      vertex 78.7812 -8.14453 5
    endloop
  endfacet
  facet normal -0.86673 0.498778 0
    outer loop
      vertex 78.7812 -8.14453 8
      vertex 78.543 -8.55859 5
      vertex 78.543 -8.55859 8
    endloop
  endfacet
  facet normal -0.881143 0.472849 0
    outer loop
      vertex 78.7812 -8.14453 5
      vertex 80.9844 -4.03906 8
      vertex 80.9844 -4.03906 5
    endloop
  endfacet
  facet normal -0.881143 0.472849 0
    outer loop
      vertex 80.9844 -4.03906 8
      vertex 78.7812 -8.14453 5
      vertex 78.7812 -8.14453 8
    endloop
  endfacet
  facet normal -0.883709 0.468036 0
    outer loop
      vertex 80.9844 -4.03906 5
      vertex 83.8125 1.30078 8
      vertex 83.8125 1.30078 5
    endloop
  endfacet
  facet normal -0.883709 0.468036 0
    outer loop
      vertex 83.8125 1.30078 8
      vertex 80.9844 -4.03906 5
      vertex 80.9844 -4.03906 8
    endloop
  endfacet
  facet normal -0.886193 0.463315 0
    outer loop
      vertex 83.8125 1.30078 5
      vertex 86.4531 6.35156 8
      vertex 86.4531 6.35156 5
    endloop
  endfacet
  facet normal -0.886193 0.463315 0
    outer loop
      vertex 86.4531 6.35156 8
      vertex 83.8125 1.30078 5
      vertex 83.8125 1.30078 8
    endloop
  endfacet
  facet normal -0.890481 0.45502 0
    outer loop
      vertex 86.4531 6.35156 5
      vertex 88.1797 9.73047 8
      vertex 88.1797 9.73047 5
    endloop
  endfacet
  facet normal -0.890481 0.45502 0
    outer loop
      vertex 88.1797 9.73047 8
      vertex 86.4531 6.35156 5
      vertex 86.4531 6.35156 8
    endloop
  endfacet
  facet normal -0.933346 0.358979 0
    outer loop
      vertex 88.1797 9.73047 5
      vertex 88.2578 9.93359 8
      vertex 88.2578 9.93359 5
    endloop
  endfacet
  facet normal -0.933346 0.358979 0
    outer loop
      vertex 88.2578 9.93359 8
      vertex 88.1797 9.73047 5
      vertex 88.1797 9.73047 8
    endloop
  endfacet
  facet normal -0.988372 0.152057 0
    outer loop
      vertex 88.2578 9.93359 5
      vertex 88.2891 10.1367 8
      vertex 88.2891 10.1367 5
    endloop
  endfacet
  facet normal -0.988372 0.152057 0
    outer loop
      vertex 88.2891 10.1367 8
      vertex 88.2578 9.93359 5
      vertex 88.2578 9.93359 8
    endloop
  endfacet
  facet normal -0.978106 -0.208108 0
    outer loop
      vertex 88.2891 10.1367 5
      vertex 88.25 10.3203 8
      vertex 88.25 10.3203 5
    endloop
  endfacet
  facet normal -0.978106 -0.208108 0
    outer loop
      vertex 88.25 10.3203 8
      vertex 88.2891 10.1367 5
      vertex 88.2891 10.1367 8
    endloop
  endfacet
  facet normal -0.835417 -0.549617 0
    outer loop
      vertex 88.25 10.3203 5
      vertex 88.1523 10.4688 8
      vertex 88.1523 10.4688 5
    endloop
  endfacet
  facet normal -0.835417 -0.549617 0
    outer loop
      vertex 88.1523 10.4688 8
      vertex 88.25 10.3203 5
      vertex 88.25 10.3203 8
    endloop
  endfacet
  facet normal -0.573462 -0.819232 0
    outer loop
      vertex 88.0742 10.5234 5
      vertex 88.1523 10.4688 8
      vertex 88.0742 10.5234 8
    endloop
  endfacet
  facet normal -0.573462 -0.819232 -0
    outer loop
      vertex 88.1523 10.4688 8
      vertex 88.0742 10.5234 5
      vertex 88.1523 10.4688 5
    endloop
  endfacet
  facet normal -0.429934 -0.902861 0
    outer loop
      vertex 87.9922 10.5625 5
      vertex 88.0742 10.5234 8
      vertex 87.9922 10.5625 8
    endloop
  endfacet
  facet normal -0.429934 -0.902861 -0
    outer loop
      vertex 88.0742 10.5234 8
      vertex 87.9922 10.5625 5
      vertex 88.0742 10.5234 5
    endloop
  endfacet
  facet normal -0.159232 -0.987241 0
    outer loop
      vertex 87.75 10.6016 5
      vertex 87.9922 10.5625 8
      vertex 87.75 10.6016 8
    endloop
  endfacet
  facet normal -0.159232 -0.987241 -0
    outer loop
      vertex 87.9922 10.5625 8
      vertex 87.75 10.6016 5
      vertex 87.9922 10.5625 5
    endloop
  endfacet
  facet normal 0.000559597 -1 0
    outer loop
      vertex 80.7695 10.5977 5
      vertex 87.75 10.6016 8
      vertex 80.7695 10.5977 8
    endloop
  endfacet
  facet normal 0.000559597 -1 0
    outer loop
      vertex 87.75 10.6016 8
      vertex 80.7695 10.5977 5
      vertex 87.75 10.6016 5
    endloop
  endfacet
  facet normal 0.141421 -0.989949 0
    outer loop
      vertex 80.5508 10.5664 5
      vertex 80.7695 10.5977 8
      vertex 80.5508 10.5664 8
    endloop
  endfacet
  facet normal 0.141421 -0.989949 0
    outer loop
      vertex 80.7695 10.5977 8
      vertex 80.5508 10.5664 5
      vertex 80.7695 10.5977 5
    endloop
  endfacet
  facet normal 0.338719 -0.940887 0
    outer loop
      vertex 80.3555 10.4961 5
      vertex 80.5508 10.5664 8
      vertex 80.3555 10.4961 8
    endloop
  endfacet
  facet normal 0.338719 -0.940887 0
    outer loop
      vertex 80.5508 10.5664 8
      vertex 80.3555 10.4961 5
      vertex 80.5508 10.5664 5
    endloop
  endfacet
  facet normal 0.603108 -0.797659 0
    outer loop
      vertex 80.1953 10.375 5
      vertex 80.3555 10.4961 8
      vertex 80.1953 10.375 8
    endloop
  endfacet
  facet normal 0.603108 -0.797659 0
    outer loop
      vertex 80.3555 10.4961 8
      vertex 80.1953 10.375 5
      vertex 80.3555 10.4961 5
    endloop
  endfacet
  facet normal 0.773073 -0.634317 0
    outer loop
      vertex 80.0703 10.2227 8
      vertex 80.1953 10.375 5
      vertex 80.1953 10.375 8
    endloop
  endfacet
  facet normal 0.773073 -0.634317 0
    outer loop
      vertex 80.1953 10.375 5
      vertex 80.0703 10.2227 8
      vertex 80.0703 10.2227 5
    endloop
  endfacet
  facet normal 0.859102 -0.511805 0
    outer loop
      vertex 79.8516 9.85547 8
      vertex 80.0703 10.2227 5
      vertex 80.0703 10.2227 8
    endloop
  endfacet
  facet normal 0.859102 -0.511805 0
    outer loop
      vertex 80.0703 10.2227 5
      vertex 79.8516 9.85547 8
      vertex 79.8516 9.85547 5
    endloop
  endfacet
  facet normal 0.865799 -0.500392 0
    outer loop
      vertex 77.5781 5.92188 8
      vertex 79.8516 9.85547 5
      vertex 79.8516 9.85547 8
    endloop
  endfacet
  facet normal 0.865799 -0.500392 0
    outer loop
      vertex 79.8516 9.85547 5
      vertex 77.5781 5.92188 8
      vertex 77.5781 5.92188 5
    endloop
  endfacet
  facet normal 0.870659 -0.491888 0
    outer loop
      vertex 75.3359 1.95312 8
      vertex 77.5781 5.92188 5
      vertex 77.5781 5.92188 8
    endloop
  endfacet
  facet normal 0.870659 -0.491888 0
    outer loop
      vertex 77.5781 5.92188 5
      vertex 75.3359 1.95312 8
      vertex 75.3359 1.95312 5
    endloop
  endfacet
  facet normal 0.873631 -0.48659 0
    outer loop
      vertex 73.1211 -2.02344 8
      vertex 75.3359 1.95312 5
      vertex 75.3359 1.95312 8
    endloop
  endfacet
  facet normal 0.873631 -0.48659 0
    outer loop
      vertex 75.3359 1.95312 5
      vertex 73.1211 -2.02344 8
      vertex 73.1211 -2.02344 5
    endloop
  endfacet
  facet normal 0.747409 -0.664364 0
    outer loop
      vertex 73.0586 -2.09375 8
      vertex 73.1211 -2.02344 5
      vertex 73.1211 -2.02344 8
    endloop
  endfacet
  facet normal 0.747409 -0.664364 0
    outer loop
      vertex 73.1211 -2.02344 5
      vertex 73.0586 -2.09375 8
      vertex 73.0586 -2.09375 5
    endloop
  endfacet
  facet normal 0.066519 -0.997785 0
    outer loop
      vertex 73 -2.09766 5
      vertex 73.0586 -2.09375 8
      vertex 73 -2.09766 8
    endloop
  endfacet
  facet normal 0.066519 -0.997785 0
    outer loop
      vertex 73.0586 -2.09375 8
      vertex 73 -2.09766 5
      vertex 73.0586 -2.09375 5
    endloop
  endfacet
  facet normal -0.948683 -0.316228 0
    outer loop
      vertex 73 -2.09766 5
      vertex 72.9805 -2.03906 8
      vertex 72.9805 -2.03906 5
    endloop
  endfacet
  facet normal -0.948683 -0.316228 0
    outer loop
      vertex 72.9805 -2.03906 8
      vertex 73 -2.09766 5
      vertex 73 -2.09766 8
    endloop
  endfacet
  facet normal -0.97975 -0.200227 0
    outer loop
      vertex 72.9805 -2.03906 5
      vertex 72.1758 1.89844 8
      vertex 72.1758 1.89844 5
    endloop
  endfacet
  facet normal -0.97975 -0.200227 0
    outer loop
      vertex 72.1758 1.89844 8
      vertex 72.9805 -2.03906 5
      vertex 72.9805 -2.03906 8
    endloop
  endfacet
  facet normal -0.97894 -0.204148 0
    outer loop
      vertex 72.1758 1.89844 5
      vertex 71.3555 5.83203 8
      vertex 71.3555 5.83203 5
    endloop
  endfacet
  facet normal -0.97894 -0.204148 0
    outer loop
      vertex 71.3555 5.83203 8
      vertex 72.1758 1.89844 5
      vertex 72.1758 1.89844 8
    endloop
  endfacet
  facet normal -0.977071 -0.212914 0
    outer loop
      vertex 71.3555 5.83203 5
      vertex 70.5 9.75781 8
      vertex 70.5 9.75781 5
    endloop
  endfacet
  facet normal -0.977071 -0.212914 0
    outer loop
      vertex 70.5 9.75781 8
      vertex 71.3555 5.83203 5
      vertex 71.3555 5.83203 8
    endloop
  endfacet
  facet normal -0.969097 -0.246679 0
    outer loop
      vertex 70.5 9.75781 5
      vertex 70.4453 9.97266 8
      vertex 70.4453 9.97266 5
    endloop
  endfacet
  facet normal -0.969097 -0.246679 0
    outer loop
      vertex 70.4453 9.97266 8
      vertex 70.5 9.75781 5
      vertex 70.5 9.75781 8
    endloop
  endfacet
  facet normal -0.950495 -0.310739 0
    outer loop
      vertex 70.4453 9.97266 5
      vertex 70.3789 10.1758 8
      vertex 70.3789 10.1758 5
    endloop
  endfacet
  facet normal -0.950495 -0.310739 0
    outer loop
      vertex 70.3789 10.1758 8
      vertex 70.4453 9.97266 5
      vertex 70.4453 9.97266 8
    endloop
  endfacet
  facet normal -0.84689 -0.531768 0
    outer loop
      vertex 70.3789 10.1758 5
      vertex 70.2734 10.3438 8
      vertex 70.2734 10.3438 5
    endloop
  endfacet
  facet normal -0.84689 -0.531768 0
    outer loop
      vertex 70.2734 10.3438 8
      vertex 70.3789 10.1758 5
      vertex 70.3789 10.1758 8
    endloop
  endfacet
  facet normal -0.697078 -0.716995 0
    outer loop
      vertex 70.1328 10.4805 5
      vertex 70.2734 10.3438 8
      vertex 70.1328 10.4805 8
    endloop
  endfacet
  facet normal -0.697078 -0.716995 -0
    outer loop
      vertex 70.2734 10.3438 8
      vertex 70.1328 10.4805 5
      vertex 70.2734 10.3438 5
    endloop
  endfacet
  facet normal -0.400819 -0.916157 0
    outer loop
      vertex 69.9453 10.5625 5
      vertex 70.1328 10.4805 8
      vertex 69.9453 10.5625 8
    endloop
  endfacet
  facet normal -0.400819 -0.916157 -0
    outer loop
      vertex 70.1328 10.4805 8
      vertex 69.9453 10.5625 5
      vertex 70.1328 10.4805 5
    endloop
  endfacet
  facet normal -0.145961 -0.98929 0
    outer loop
      vertex 69.707 10.5977 5
      vertex 69.9453 10.5625 8
      vertex 69.707 10.5977 8
    endloop
  endfacet
  facet normal -0.145961 -0.98929 -0
    outer loop
      vertex 69.9453 10.5625 8
      vertex 69.707 10.5977 5
      vertex 69.9453 10.5625 5
    endloop
  endfacet
  facet normal 0 -1 0
    outer loop
      vertex 64.5938 10.5977 5
      vertex 69.707 10.5977 8
      vertex 64.5938 10.5977 8
    endloop
  endfacet
  facet normal 0 -1 -0
    outer loop
      vertex 69.707 10.5977 8
      vertex 64.5938 10.5977 5
      vertex 69.707 10.5977 5
    endloop
  endfacet
  facet normal 0.0680239 -0.997684 0
    outer loop
      vertex 64.25 10.5742 5
      vertex 64.5938 10.5977 8
      vertex 64.25 10.5742 8
    endloop
  endfacet
  facet normal 0.0680239 -0.997684 0
    outer loop
      vertex 64.5938 10.5977 8
      vertex 64.25 10.5742 5
      vertex 64.5938 10.5977 5
    endloop
  endfacet
  facet normal 0.111795 -0.993731 0
    outer loop
      vertex 63.9375 10.5391 5
      vertex 64.25 10.5742 8
      vertex 63.9375 10.5391 8
    endloop
  endfacet
  facet normal 0.111795 -0.993731 0
    outer loop
      vertex 64.25 10.5742 8
      vertex 63.9375 10.5391 5
      vertex 64.25 10.5742 5
    endloop
  endfacet
  facet normal 0.196116 -0.980581 0
    outer loop
      vertex 63.6445 10.4805 5
      vertex 63.9375 10.5391 8
      vertex 63.6445 10.4805 8
    endloop
  endfacet
  facet normal 0.196116 -0.980581 0
    outer loop
      vertex 63.9375 10.5391 8
      vertex 63.6445 10.4805 5
      vertex 63.9375 10.5391 5
    endloop
  endfacet
  facet normal 0.308505 -0.951223 0
    outer loop
      vertex 63.3555 10.3867 5
      vertex 63.6445 10.4805 8
      vertex 63.3555 10.3867 8
    endloop
  endfacet
  facet normal 0.308505 -0.951223 0
    outer loop
      vertex 63.6445 10.4805 8
      vertex 63.3555 10.3867 5
      vertex 63.6445 10.4805 5
    endloop
  endfacet
  facet normal 0.435561 -0.900159 0
    outer loop
      vertex 63.1133 10.2695 5
      vertex 63.3555 10.3867 8
      vertex 63.1133 10.2695 8
    endloop
  endfacet
  facet normal 0.435561 -0.900159 0
    outer loop
      vertex 63.3555 10.3867 8
      vertex 63.1133 10.2695 5
      vertex 63.3555 10.3867 5
    endloop
  endfacet
  facet normal 0.491594 -0.870824 0
    outer loop
      vertex 62.8711 10.1328 5
      vertex 63.1133 10.2695 8
      vertex 62.8711 10.1328 8
    endloop
  endfacet
  facet normal 0.491594 -0.870824 0
    outer loop
      vertex 63.1133 10.2695 8
      vertex 62.8711 10.1328 5
      vertex 63.1133 10.2695 5
    endloop
  endfacet
  facet normal 0.597824 -0.801627 0
    outer loop
      vertex 62.6406 9.96094 5
      vertex 62.8711 10.1328 8
      vertex 62.6406 9.96094 8
    endloop
  endfacet
  facet normal 0.597824 -0.801627 0
    outer loop
      vertex 62.8711 10.1328 8
      vertex 62.6406 9.96094 5
      vertex 62.8711 10.1328 5
    endloop
  endfacet
  facet normal 0.662574 -0.748997 0
    outer loop
      vertex 62.4375 9.78125 5
      vertex 62.6406 9.96094 8
      vertex 62.4375 9.78125 8
    endloop
  endfacet
  facet normal 0.662574 -0.748997 0
    outer loop
      vertex 62.6406 9.96094 8
      vertex 62.4375 9.78125 5
      vertex 62.6406 9.96094 5
    endloop
  endfacet
  facet normal 0.713564 -0.70059 0
    outer loop
      vertex 62.2266 9.56641 8
      vertex 62.4375 9.78125 5
      vertex 62.4375 9.78125 8
    endloop
  endfacet
  facet normal 0.713564 -0.70059 0
    outer loop
      vertex 62.4375 9.78125 5
      vertex 62.2266 9.56641 8
      vertex 62.2266 9.56641 5
    endloop
  endfacet
  facet normal 0.745241 -0.666795 0
    outer loop
      vertex 62.0273 9.34375 8
      vertex 62.2266 9.56641 5
      vertex 62.2266 9.56641 8
    endloop
  endfacet
  facet normal 0.745241 -0.666795 0
    outer loop
      vertex 62.2266 9.56641 5
      vertex 62.0273 9.34375 8
      vertex 62.0273 9.34375 5
    endloop
  endfacet
  facet normal 0.80717 -0.590319 0
    outer loop
      vertex 61.6445 8.82031 8
      vertex 62.0273 9.34375 5
      vertex 62.0273 9.34375 8
    endloop
  endfacet
  facet normal 0.80717 -0.590319 0
    outer loop
      vertex 62.0273 9.34375 5
      vertex 61.6445 8.82031 8
      vertex 61.6445 8.82031 5
    endloop
  endfacet
  facet normal 0.831072 -0.556165 0
    outer loop
      vertex 59.25 5.24219 8
      vertex 61.6445 8.82031 5
      vertex 61.6445 8.82031 8
    endloop
  endfacet
  facet normal 0.831072 -0.556165 0
    outer loop
      vertex 61.6445 8.82031 5
      vertex 59.25 5.24219 8
      vertex 59.25 5.24219 5
    endloop
  endfacet
  facet normal 0.834835 -0.5505 0
    outer loop
      vertex 54.5156 -1.9375 8
      vertex 59.25 5.24219 5
      vertex 59.25 5.24219 8
    endloop
  endfacet
  facet normal 0.834835 -0.5505 0
    outer loop
      vertex 59.25 5.24219 5
      vertex 54.5156 -1.9375 8
      vertex 54.5156 -1.9375 5
    endloop
  endfacet
  facet normal 0.732793 -0.680451 0
    outer loop
      vertex 54.4648 -1.99219 8
      vertex 54.5156 -1.9375 5
      vertex 54.5156 -1.9375 8
    endloop
  endfacet
  facet normal 0.732793 -0.680451 0
    outer loop
      vertex 54.5156 -1.9375 5
      vertex 54.4648 -1.99219 8
      vertex 54.4648 -1.99219 5
    endloop
  endfacet
  facet normal 0.5547 -0.83205 0
    outer loop
      vertex 54.418 -2.02344 5
      vertex 54.4648 -1.99219 8
      vertex 54.418 -2.02344 8
    endloop
  endfacet
  facet normal 0.5547 -0.83205 0
    outer loop
      vertex 54.4648 -1.99219 8
      vertex 54.418 -2.02344 5
      vertex 54.4648 -1.99219 5
    endloop
  endfacet
  facet normal -0.21693 -0.976187 0
    outer loop
      vertex 54.3828 -2.01562 5
      vertex 54.418 -2.02344 8
      vertex 54.3828 -2.01562 8
    endloop
  endfacet
  facet normal -0.21693 -0.976187 -0
    outer loop
      vertex 54.418 -2.02344 8
      vertex 54.3828 -2.01562 5
      vertex 54.418 -2.02344 5
    endloop
  endfacet
  facet normal -0.768221 -0.640184 0
    outer loop
      vertex 54.3828 -2.01562 5
      vertex 54.3633 -1.99219 8
      vertex 54.3633 -1.99219 5
    endloop
  endfacet
  facet normal -0.768221 -0.640184 0
    outer loop
      vertex 54.3633 -1.99219 8
      vertex 54.3828 -2.01562 5
      vertex 54.3828 -2.01562 8
    endloop
  endfacet
  facet normal -0.933346 -0.358979 0
    outer loop
      vertex 54.3633 -1.99219 5
      vertex 54.3242 -1.89062 8
      vertex 54.3242 -1.89062 5
    endloop
  endfacet
  facet normal -0.933346 -0.358979 0
    outer loop
      vertex 54.3242 -1.89062 8
      vertex 54.3633 -1.99219 5
      vertex 54.3633 -1.99219 8
    endloop
  endfacet
  facet normal -0.992763 -0.120092 0
    outer loop
      vertex 54.3242 -1.89062 5
      vertex 53.3867 5.85938 8
      vertex 53.3867 5.85938 5
    endloop
  endfacet
  facet normal -0.992763 -0.120092 0
    outer loop
      vertex 53.3867 5.85938 8
      vertex 54.3242 -1.89062 5
      vertex 54.3242 -1.89062 8
    endloop
  endfacet
  facet normal -0.991634 -0.129083 0
    outer loop
      vertex 53.3867 5.85938 5
      vertex 52.8828 9.73047 8
      vertex 52.8828 9.73047 5
    endloop
  endfacet
  facet normal -0.991634 -0.129083 0
    outer loop
      vertex 52.8828 9.73047 8
      vertex 53.3867 5.85938 5
      vertex 53.3867 5.85938 8
    endloop
  endfacet
  facet normal -0.98733 -0.158678 0
    outer loop
      vertex 52.8828 9.73047 5
      vertex 52.8477 9.94922 8
      vertex 52.8477 9.94922 5
    endloop
  endfacet
  facet normal -0.98733 -0.158678 0
    outer loop
      vertex 52.8477 9.94922 8
      vertex 52.8828 9.73047 5
      vertex 52.8828 9.73047 8
    endloop
  endfacet
  facet normal -0.957328 -0.289005 0
    outer loop
      vertex 52.8477 9.94922 5
      vertex 52.7852 10.1562 8
      vertex 52.7852 10.1562 5
    endloop
  endfacet
  facet normal -0.957328 -0.289005 0
    outer loop
      vertex 52.7852 10.1562 8
      vertex 52.8477 9.94922 5
      vertex 52.8477 9.94922 8
    endloop
  endfacet
  facet normal -0.864507 -0.50262 0
    outer loop
      vertex 52.7852 10.1562 5
      vertex 52.6875 10.3242 8
      vertex 52.6875 10.3242 5
    endloop
  endfacet
  facet normal -0.864507 -0.50262 0
    outer loop
      vertex 52.6875 10.3242 8
      vertex 52.7852 10.1562 5
      vertex 52.7852 10.1562 8
    endloop
  endfacet
  facet normal -0.746295 -0.665615 0
    outer loop
      vertex 52.6875 10.3242 5
      vertex 52.5586 10.4688 8
      vertex 52.5586 10.4688 5
    endloop
  endfacet
  facet normal -0.746295 -0.665615 0
    outer loop
      vertex 52.5586 10.4688 8
      vertex 52.6875 10.3242 5
      vertex 52.6875 10.3242 8
    endloop
  endfacet
  facet normal -0.43212 -0.901816 0
    outer loop
      vertex 52.3711 10.5586 5
      vertex 52.5586 10.4688 8
      vertex 52.3711 10.5586 8
    endloop
  endfacet
  facet normal -0.43212 -0.901816 -0
    outer loop
      vertex 52.5586 10.4688 8
      vertex 52.3711 10.5586 5
      vertex 52.5586 10.4688 5
    endloop
  endfacet
  facet normal -0.127971 -0.991778 0
    outer loop
      vertex 52.1289 10.5898 5
      vertex 52.3711 10.5586 8
      vertex 52.1289 10.5898 8
    endloop
  endfacet
  facet normal -0.127971 -0.991778 -0
    outer loop
      vertex 52.3711 10.5586 8
      vertex 52.1289 10.5898 5
      vertex 52.3711 10.5586 5
    endloop
  endfacet
  facet normal 0 -1 0
    outer loop
      vertex 45.9102 10.5898 5
      vertex 52.1289 10.5898 8
      vertex 45.9102 10.5898 8
    endloop
  endfacet
  facet normal 0 -1 -0
    outer loop
      vertex 52.1289 10.5898 8
      vertex 45.9102 10.5898 5
      vertex 52.1289 10.5898 5
    endloop
  endfacet
  facet normal 0.164399 -0.986394 0
    outer loop
      vertex 45.6758 10.5508 5
      vertex 45.9102 10.5898 8
      vertex 45.6758 10.5508 8
    endloop
  endfacet
  facet normal 0.164399 -0.986394 0
    outer loop
      vertex 45.9102 10.5898 8
      vertex 45.6758 10.5508 5
      vertex 45.9102 10.5898 5
    endloop
  endfacet
  facet normal 0.40794 -0.913009 0
    outer loop
      vertex 45.4922 10.4688 5
      vertex 45.6758 10.5508 8
      vertex 45.4922 10.4688 8
    endloop
  endfacet
  facet normal 0.40794 -0.913009 0
    outer loop
      vertex 45.6758 10.5508 8
      vertex 45.4922 10.4688 5
      vertex 45.6758 10.5508 5
    endloop
  endfacet
  facet normal 0.736328 -0.676625 0
    outer loop
      vertex 45.3594 10.3242 8
      vertex 45.4922 10.4688 5
      vertex 45.4922 10.4688 8
    endloop
  endfacet
  facet normal 0.736328 -0.676625 0
    outer loop
      vertex 45.4922 10.4688 5
      vertex 45.3594 10.3242 8
      vertex 45.3594 10.3242 5
    endloop
  endfacet
  facet normal 0.923077 -0.384615 0
    outer loop
      vertex 45.2812 10.1367 8
      vertex 45.3594 10.3242 5
      vertex 45.3594 10.3242 8
    endloop
  endfacet
  facet normal 0.923077 -0.384615 0
    outer loop
      vertex 45.3594 10.3242 5
      vertex 45.2812 10.1367 8
      vertex 45.2812 10.1367 5
    endloop
  endfacet
  facet normal 0.988372 -0.152057 0
    outer loop
      vertex 45.25 9.93359 8
      vertex 45.2812 10.1367 5
      vertex 45.2812 10.1367 8
    endloop
  endfacet
  facet normal 0.988372 -0.152057 0
    outer loop
      vertex 45.2812 10.1367 5
      vertex 45.25 9.93359 8
      vertex 45.25 9.93359 5
    endloop
  endfacet
  facet normal 1 -0 0
    outer loop
      vertex 45.25 9.69922 8
      vertex 45.25 9.93359 5
      vertex 45.25 9.93359 8
    endloop
  endfacet
  facet normal 1 0 0
    outer loop
      vertex 45.25 9.93359 5
      vertex 45.25 9.69922 8
      vertex 45.25 9.69922 5
    endloop
  endfacet
  facet normal 0.997229 0.0743901 0
    outer loop
      vertex 45.3945 7.76172 8
      vertex 45.25 9.69922 5
      vertex 45.25 9.69922 8
    endloop
  endfacet
  facet normal 0.997229 0.0743901 0
    outer loop
      vertex 45.25 9.69922 5
      vertex 45.3945 7.76172 8
      vertex 45.3945 7.76172 5
    endloop
  endfacet
  facet normal 0.996405 0.0847146 0
    outer loop
      vertex 45.5586 5.83203 8
      vertex 45.3945 7.76172 5
      vertex 45.3945 7.76172 8
    endloop
  endfacet
  facet normal 0.996405 0.0847146 0
    outer loop
      vertex 45.3945 7.76172 5
      vertex 45.5586 5.83203 8
      vertex 45.5586 5.83203 5
    endloop
  endfacet
  facet normal 0.995885 0.0906265 0
    outer loop
      vertex 45.9102 1.96875 8
      vertex 45.5586 5.83203 5
      vertex 45.5586 5.83203 8
    endloop
  endfacet
  facet normal 0.995885 0.0906265 0
    outer loop
      vertex 45.5586 5.83203 5
      vertex 45.9102 1.96875 8
      vertex 45.9102 1.96875 5
    endloop
  endfacet
  facet normal 0.995495 0.0948091 0
    outer loop
      vertex 46.6445 -5.74219 8
      vertex 45.9102 1.96875 5
      vertex 45.9102 1.96875 8
    endloop
  endfacet
  facet normal 0.995495 0.0948091 0
    outer loop
      vertex 45.9102 1.96875 5
      vertex 46.6445 -5.74219 8
      vertex 46.6445 -5.74219 5
    endloop
  endfacet
  facet normal 0.994163 0.107886 0
    outer loop
      vertex 47.0625 -9.59375 8
      vertex 46.6445 -5.74219 5
      vertex 46.6445 -5.74219 8
    endloop
  endfacet
  facet normal 0.994163 0.107886 0
    outer loop
      vertex 46.6445 -5.74219 5
      vertex 47.0625 -9.59375 8
      vertex 47.0625 -9.59375 5
    endloop
  endfacet
  facet normal 0.982212 0.187776 0
    outer loop
      vertex 47.1133 -9.85938 8
      vertex 47.0625 -9.59375 5
      vertex 47.0625 -9.59375 8
    endloop
  endfacet
  facet normal 0.982212 0.187776 0
    outer loop
      vertex 47.0625 -9.59375 5
      vertex 47.1133 -9.85938 8
      vertex 47.1133 -9.85938 5
    endloop
  endfacet
  facet normal 0.913812 0.406138 0
    outer loop
      vertex 47.207 -10.0703 8
      vertex 47.1133 -9.85938 5
      vertex 47.1133 -9.85938 8
    endloop
  endfacet
  facet normal 0.913812 0.406138 0
    outer loop
      vertex 47.1133 -9.85938 5
      vertex 47.207 -10.0703 8
      vertex 47.207 -10.0703 5
    endloop
  endfacet
  facet normal 0.744242 0.66791 0
    outer loop
      vertex 47.3438 -10.2227 8
      vertex 47.207 -10.0703 5
      vertex 47.207 -10.0703 8
    endloop
  endfacet
  facet normal 0.744242 0.66791 0
    outer loop
      vertex 47.207 -10.0703 5
      vertex 47.3438 -10.2227 8
      vertex 47.3438 -10.2227 5
    endloop
  endfacet
  facet normal 0.514496 0.857493 -0
    outer loop
      vertex 47.5195 -10.3281 5
      vertex 47.3438 -10.2227 8
      vertex 47.5195 -10.3281 8
    endloop
  endfacet
  facet normal 0.514496 0.857493 0
    outer loop
      vertex 47.3438 -10.2227 8
      vertex 47.5195 -10.3281 5
      vertex 47.3438 -10.2227 5
    endloop
  endfacet
  facet normal 0.257663 0.966235 -0
    outer loop
      vertex 47.7539 -10.3906 5
      vertex 47.5195 -10.3281 8
      vertex 47.7539 -10.3906 8
    endloop
  endfacet
  facet normal 0.257663 0.966235 0
    outer loop
      vertex 47.5195 -10.3281 8
      vertex 47.7539 -10.3906 5
      vertex 47.5195 -10.3281 5
    endloop
  endfacet
  facet normal 0.0298375 0.999555 -0
    outer loop
      vertex 48.0156 -10.3984 5
      vertex 47.7539 -10.3906 8
      vertex 48.0156 -10.3984 8
    endloop
  endfacet
  facet normal 0.0298375 0.999555 0
    outer loop
      vertex 47.7539 -10.3906 8
      vertex 48.0156 -10.3984 5
      vertex 47.7539 -10.3906 5
    endloop
  endfacet
  facet normal 0 1 -0
    outer loop
      vertex 54.8359 -10.3984 5
      vertex 48.0156 -10.3984 8
      vertex 54.8359 -10.3984 8
    endloop
  endfacet
  facet normal 0 1 0
    outer loop
      vertex 48.0156 -10.3984 8
      vertex 54.8359 -10.3984 5
      vertex 48.0156 -10.3984 5
    endloop
  endfacet
  facet normal -0.016258 0.999868 0
    outer loop
      vertex 55.3164 -10.3906 5
      vertex 54.8359 -10.3984 8
      vertex 55.3164 -10.3906 8
    endloop
  endfacet
  facet normal -0.016258 0.999868 0
    outer loop
      vertex 54.8359 -10.3984 8
      vertex 55.3164 -10.3906 5
      vertex 54.8359 -10.3984 5
    endloop
  endfacet
  facet normal -0.28 0.96 0
    outer loop
      vertex 159.797 -10.3164 5
      vertex 159.703 -10.3438 8
      vertex 159.797 -10.3164 8
    endloop
  endfacet
  facet normal -0.28 0.96 0
    outer loop
      vertex 159.703 -10.3438 8
      vertex 159.797 -10.3164 5
      vertex 159.703 -10.3438 5
    endloop
  endfacet
  facet normal -0.613941 0.789352 0
    outer loop
      vertex 159.938 -10.207 5
      vertex 159.797 -10.3164 8
      vertex 159.938 -10.207 8
    endloop
  endfacet
  facet normal -0.613941 0.789352 0
    outer loop
      vertex 159.797 -10.3164 8
      vertex 159.938 -10.207 5
      vertex 159.797 -10.3164 5
    endloop
  endfacet
  facet normal -0.828589 0.559857 0
    outer loop
      vertex 159.938 -10.207 5
      vertex 160.035 -10.0625 8
      vertex 160.035 -10.0625 5
    endloop
  endfacet
  facet normal -0.828589 0.559857 0
    outer loop
      vertex 160.035 -10.0625 8
      vertex 159.938 -10.207 5
      vertex 159.938 -10.207 8
    endloop
  endfacet
  facet normal -0.988619 0.150442 0
    outer loop
      vertex 160.035 -10.0625 5
      vertex 160.062 -9.88281 8
      vertex 160.062 -9.88281 5
    endloop
  endfacet
  facet normal -0.988619 0.150442 0
    outer loop
      vertex 160.062 -9.88281 8
      vertex 160.035 -10.0625 5
      vertex 160.035 -10.0625 8
    endloop
  endfacet
  facet normal -0.971399 -0.237453 0
    outer loop
      vertex 160.062 -9.88281 5
      vertex 160.02 -9.70703 8
      vertex 160.02 -9.70703 5
    endloop
  endfacet
  facet normal -0.971399 -0.237453 0
    outer loop
      vertex 160.02 -9.70703 8
      vertex 160.062 -9.88281 5
      vertex 160.062 -9.88281 8
    endloop
  endfacet
  facet normal -0.911922 -0.410365 0
    outer loop
      vertex 160.02 -9.70703 5
      vertex 159.984 -9.62891 8
      vertex 159.984 -9.62891 5
    endloop
  endfacet
  facet normal -0.911922 -0.410365 0
    outer loop
      vertex 159.984 -9.62891 8
      vertex 160.02 -9.70703 5
      vertex 160.02 -9.70703 8
    endloop
  endfacet
  facet normal -0.743294 -0.668965 0
    outer loop
      vertex 159.984 -9.62891 5
      vertex 159.914 -9.55078 8
      vertex 159.914 -9.55078 5
    endloop
  endfacet
  facet normal -0.743294 -0.668965 0
    outer loop
      vertex 159.914 -9.55078 8
      vertex 159.984 -9.62891 5
      vertex 159.984 -9.62891 8
    endloop
  endfacet
  facet normal -0.674007 -0.738725 0
    outer loop
      vertex 154.43 -4.54688 5
      vertex 159.914 -9.55078 8
      vertex 154.43 -4.54688 8
    endloop
  endfacet
  facet normal -0.674007 -0.738725 -0
    outer loop
      vertex 159.914 -9.55078 8
      vertex 154.43 -4.54688 5
      vertex 159.914 -9.55078 5
    endloop
  endfacet
  facet normal -0.670417 -0.741984 0
    outer loop
      vertex 148.922 0.429688 5
      vertex 154.43 -4.54688 8
      vertex 148.922 0.429688 8
    endloop
  endfacet
  facet normal -0.670417 -0.741984 -0
    outer loop
      vertex 154.43 -4.54688 8
      vertex 148.922 0.429688 5
      vertex 154.43 -4.54688 5
    endloop
  endfacet
  facet normal -0.857493 -0.514496 0
    outer loop
      vertex 148.922 0.429688 5
      vertex 148.91 0.449219 8
      vertex 148.91 0.449219 5
    endloop
  endfacet
  facet normal -0.857493 -0.514496 0
    outer loop
      vertex 148.91 0.449219 8
      vertex 148.922 0.429688 5
      vertex 148.922 0.429688 8
    endloop
  endfacet
  facet normal -0.919145 0.393919 0
    outer loop
      vertex 148.91 0.449219 5
      vertex 148.922 0.476562 8
      vertex 148.922 0.476562 5
    endloop
  endfacet
  facet normal -0.919145 0.393919 0
    outer loop
      vertex 148.922 0.476562 8
      vertex 148.91 0.449219 5
      vertex 148.91 0.449219 8
    endloop
  endfacet
  facet normal -0.493867 0.869538 0
    outer loop
      vertex 159.555 6.51562 5
      vertex 148.922 0.476562 8
      vertex 159.555 6.51562 8
    endloop
  endfacet
  facet normal -0.493867 0.869538 0
    outer loop
      vertex 148.922 0.476562 8
      vertex 159.555 6.51562 5
      vertex 148.922 0.476562 5
    endloop
  endfacet
  facet normal -0.498135 0.8671 0
    outer loop
      vertex 164.852 9.55859 5
      vertex 159.555 6.51562 8
      vertex 164.852 9.55859 8
    endloop
  endfacet
  facet normal -0.498135 0.8671 0
    outer loop
      vertex 159.555 6.51562 8
      vertex 164.852 9.55859 5
      vertex 159.555 6.51562 5
    endloop
  endfacet
  facet normal -0.571793 0.820398 0
    outer loop
      vertex 164.98 9.64844 5
      vertex 164.852 9.55859 8
      vertex 164.98 9.64844 8
    endloop
  endfacet
  facet normal -0.571793 0.820398 0
    outer loop
      vertex 164.852 9.55859 8
      vertex 164.98 9.64844 5
      vertex 164.852 9.55859 5
    endloop
  endfacet
  facet normal -0.707107 0.707107 0
    outer loop
      vertex 164.98 9.64844 5
      vertex 165.074 9.74219 8
      vertex 165.074 9.74219 5
    endloop
  endfacet
  facet normal -0.707107 0.707107 0
    outer loop
      vertex 165.074 9.74219 8
      vertex 164.98 9.64844 5
      vertex 164.98 9.64844 8
    endloop
  endfacet
  facet normal -0.846233 0.532813 0
    outer loop
      vertex 165.074 9.74219 5
      vertex 165.141 9.84766 8
      vertex 165.141 9.84766 5
    endloop
  endfacet
  facet normal -0.846233 0.532813 0
    outer loop
      vertex 165.141 9.84766 8
      vertex 165.074 9.74219 5
      vertex 165.074 9.74219 8
    endloop
  endfacet
  facet normal -0.920967 0.38964 0
    outer loop
      vertex 165.141 9.84766 5
      vertex 165.184 9.94922 8
      vertex 165.184 9.94922 5
    endloop
  endfacet
  facet normal -0.920967 0.38964 0
    outer loop
      vertex 165.184 9.94922 8
      vertex 165.141 9.84766 5
      vertex 165.141 9.84766 8
    endloop
  endfacet
  facet normal -0.976187 0.21693 0
    outer loop
      vertex 165.184 9.94922 5
      vertex 165.207 10.0547 8
      vertex 165.207 10.0547 5
    endloop
  endfacet
  facet normal -0.976187 0.21693 0
    outer loop
      vertex 165.207 10.0547 8
      vertex 165.184 9.94922 5
      vertex 165.184 9.94922 8
    endloop
  endfacet
  facet normal -0.993884 -0.110432 0
    outer loop
      vertex 165.207 10.0547 5
      vertex 165.195 10.1602 8
      vertex 165.195 10.1602 5
    endloop
  endfacet
  facet normal -0.993884 -0.110432 0
    outer loop
      vertex 165.195 10.1602 8
      vertex 165.207 10.0547 5
      vertex 165.207 10.0547 8
    endloop
  endfacet
  facet normal -0.96 -0.28 0
    outer loop
      vertex 165.195 10.1602 5
      vertex 165.168 10.2539 8
      vertex 165.168 10.2539 5
    endloop
  endfacet
  facet normal -0.96 -0.28 0
    outer loop
      vertex 165.168 10.2539 8
      vertex 165.195 10.1602 5
      vertex 165.195 10.1602 8
    endloop
  endfacet
  facet normal -0.83205 -0.5547 0
    outer loop
      vertex 165.168 10.2539 5
      vertex 165.105 10.3477 8
      vertex 165.105 10.3477 5
    endloop
  endfacet
  facet normal -0.83205 -0.5547 0
    outer loop
      vertex 165.105 10.3477 8
      vertex 165.168 10.2539 5
      vertex 165.168 10.2539 8
    endloop
  endfacet
  facet normal -0.689655 -0.724138 0
    outer loop
      vertex 165.023 10.4258 5
      vertex 165.105 10.3477 8
      vertex 165.023 10.4258 8
    endloop
  endfacet
  facet normal -0.689655 -0.724138 -0
    outer loop
      vertex 165.105 10.3477 8
      vertex 165.023 10.4258 5
      vertex 165.105 10.3477 5
    endloop
  endfacet
  facet normal -0.488603 -0.872506 0
    outer loop
      vertex 164.926 10.4805 5
      vertex 165.023 10.4258 8
      vertex 164.926 10.4805 8
    endloop
  endfacet
  facet normal -0.488603 -0.872506 -0
    outer loop
      vertex 165.023 10.4258 8
      vertex 164.926 10.4805 5
      vertex 165.023 10.4258 5
    endloop
  endfacet
  facet normal -0.290007 -0.957024 0
    outer loop
      vertex 164.797 10.5195 5
      vertex 164.926 10.4805 8
      vertex 164.797 10.5195 8
    endloop
  endfacet
  facet normal -0.290007 -0.957024 -0
    outer loop
      vertex 164.926 10.4805 8
      vertex 164.797 10.5195 5
      vertex 164.926 10.4805 5
    endloop
  endfacet
  facet normal -0.102029 -0.994781 0
    outer loop
      vertex 164.645 10.5352 5
      vertex 164.797 10.5195 8
      vertex 164.645 10.5352 8
    endloop
  endfacet
  facet normal -0.102029 -0.994781 -0
    outer loop
      vertex 164.797 10.5195 8
      vertex 164.645 10.5352 5
      vertex 164.797 10.5195 5
    endloop
  endfacet
  facet normal -0.000377501 -1 0
    outer loop
      vertex 154.297 10.5391 5
      vertex 164.645 10.5352 8
      vertex 154.297 10.5391 8
    endloop
  endfacet
  facet normal -0.000377501 -1 -0
    outer loop
      vertex 164.645 10.5352 8
      vertex 154.297 10.5391 5
      vertex 164.645 10.5352 5
    endloop
  endfacet
  facet normal 0.0725357 -0.997366 0
    outer loop
      vertex 154.082 10.5234 5
      vertex 154.297 10.5391 8
      vertex 154.082 10.5234 8
    endloop
  endfacet
  facet normal 0.0725357 -0.997366 0
    outer loop
      vertex 154.297 10.5391 8
      vertex 154.082 10.5234 5
      vertex 154.297 10.5391 5
    endloop
  endfacet
  facet normal 0.188847 -0.982006 0
    outer loop
      vertex 153.879 10.4844 5
      vertex 154.082 10.5234 8
      vertex 153.879 10.4844 8
    endloop
  endfacet
  facet normal 0.188847 -0.982006 0
    outer loop
      vertex 154.082 10.5234 8
      vertex 153.879 10.4844 5
      vertex 154.082 10.5234 5
    endloop
  endfacet
  facet normal 0.324561 -0.945865 0
    outer loop
      vertex 153.48 10.3477 5
      vertex 153.879 10.4844 8
      vertex 153.48 10.3477 8
    endloop
  endfacet
  facet normal 0.324561 -0.945865 0
    outer loop
      vertex 153.879 10.4844 8
      vertex 153.48 10.3477 5
      vertex 153.879 10.4844 5
    endloop
  endfacet
  facet normal 0.440015 -0.89799 0
    outer loop
      vertex 153.09 10.1562 5
      vertex 153.48 10.3477 8
      vertex 153.09 10.1562 8
    endloop
  endfacet
  facet normal 0.440015 -0.89799 0
    outer loop
      vertex 153.48 10.3477 8
      vertex 153.09 10.1562 5
      vertex 153.48 10.3477 5
    endloop
  endfacet
  facet normal 0.47177 -0.881722 0
    outer loop
      vertex 149.914 8.45703 5
      vertex 153.09 10.1562 8
      vertex 149.914 8.45703 8
    endloop
  endfacet
  facet normal 0.47177 -0.881722 0
    outer loop
      vertex 153.09 10.1562 8
      vertex 149.914 8.45703 5
      vertex 153.09 10.1562 5
    endloop
  endfacet
  facet normal 0.474326 -0.880349 0
    outer loop
      vertex 143.57 5.03906 5
      vertex 149.914 8.45703 8
      vertex 143.57 5.03906 8
    endloop
  endfacet
  facet normal 0.474326 -0.880349 0
    outer loop
      vertex 149.914 8.45703 8
      vertex 143.57 5.03906 5
      vertex 149.914 8.45703 5
    endloop
  endfacet
  facet normal -0.393919 -0.919145 0
    outer loop
      vertex 143.543 5.05078 5
      vertex 143.57 5.03906 8
      vertex 143.543 5.05078 8
    endloop
  endfacet
  facet normal -0.393919 -0.919145 -0
    outer loop
      vertex 143.57 5.03906 8
      vertex 143.543 5.05078 5
      vertex 143.57 5.03906 5
    endloop
  endfacet
  facet normal -0.687339 -0.726337 0
    outer loop
      vertex 141.797 6.70312 5
      vertex 143.543 5.05078 8
      vertex 141.797 6.70312 8
    endloop
  endfacet
  facet normal -0.687339 -0.726337 -0
    outer loop
      vertex 143.543 5.05078 8
      vertex 141.797 6.70312 5
      vertex 143.543 5.05078 5
    endloop
  endfacet
  facet normal -0.684022 -0.729461 0
    outer loop
      vertex 138.285 9.99609 5
      vertex 141.797 6.70312 8
      vertex 138.285 9.99609 8
    endloop
  endfacet
  facet normal -0.684022 -0.729461 -0
    outer loop
      vertex 141.797 6.70312 8
      vertex 138.285 9.99609 5
      vertex 141.797 6.70312 5
    endloop
  endfacet
  facet normal -0.638462 -0.769653 0
    outer loop
      vertex 137.941 10.2812 5
      vertex 138.285 9.99609 8
      vertex 137.941 10.2812 8
    endloop
  endfacet
  facet normal -0.638462 -0.769653 -0
    outer loop
      vertex 138.285 9.99609 8
      vertex 137.941 10.2812 5
      vertex 138.285 9.99609 5
    endloop
  endfacet
  facet normal -0.528302 -0.849057 0
    outer loop
      vertex 137.766 10.3906 5
      vertex 137.941 10.2812 8
      vertex 137.766 10.3906 8
    endloop
  endfacet
  facet normal -0.528302 -0.849057 -0
    outer loop
      vertex 137.941 10.2812 8
      vertex 137.766 10.3906 5
      vertex 137.941 10.2812 5
    endloop
  endfacet
  facet normal -0.400819 -0.916157 0
    outer loop
      vertex 137.578 10.4727 5
      vertex 137.766 10.3906 8
      vertex 137.578 10.4727 8
    endloop
  endfacet
  facet normal -0.400819 -0.916157 -0
    outer loop
      vertex 137.766 10.3906 8
      vertex 137.578 10.4727 5
      vertex 137.766 10.3906 5
    endloop
  endfacet
  facet normal -0.277161 -0.960824 0
    outer loop
      vertex 137.375 10.5312 5
      vertex 137.578 10.4727 8
      vertex 137.375 10.5312 8
    endloop
  endfacet
  facet normal -0.277161 -0.960824 -0
    outer loop
      vertex 137.578 10.4727 8
      vertex 137.375 10.5312 5
      vertex 137.578 10.4727 5
    endloop
  endfacet
  facet normal -0.0654332 -0.997857 0
    outer loop
      vertex 137.137 10.5469 5
      vertex 137.375 10.5312 8
      vertex 137.137 10.5469 8
    endloop
  endfacet
  facet normal -0.0654332 -0.997857 -0
    outer loop
      vertex 137.375 10.5312 8
      vertex 137.137 10.5469 5
      vertex 137.375 10.5312 5
    endloop
  endfacet
  facet normal 0 -1 0
    outer loop
      vertex 128.5 10.5469 5
      vertex 137.137 10.5469 8
      vertex 128.5 10.5469 8
    endloop
  endfacet
  facet normal 0 -1 -0
    outer loop
      vertex 137.137 10.5469 8
      vertex 128.5 10.5469 5
      vertex 137.137 10.5469 5
    endloop
  endfacet
  facet normal 0.0525588 -0.998618 0
    outer loop
      vertex 128.352 10.5391 5
      vertex 128.5 10.5469 8
      vertex 128.352 10.5391 8
    endloop
  endfacet
  facet normal 0.0525588 -0.998618 0
    outer loop
      vertex 128.5 10.5469 8
      vertex 128.352 10.5391 5
      vertex 128.5 10.5469 5
    endloop
  endfacet
  facet normal 0.249878 -0.968277 0
    outer loop
      vertex 128.23 10.5078 5
      vertex 128.352 10.5391 8
      vertex 128.23 10.5078 8
    endloop
  endfacet
  facet normal 0.249878 -0.968277 0
    outer loop
      vertex 128.352 10.5391 8
      vertex 128.23 10.5078 5
      vertex 128.352 10.5391 5
    endloop
  endfacet
  facet normal 0.476283 -0.879292 0
    outer loop
      vertex 128.137 10.457 5
      vertex 128.23 10.5078 8
      vertex 128.137 10.457 8
    endloop
  endfacet
  facet normal 0.476283 -0.879292 0
    outer loop
      vertex 128.23 10.5078 8
      vertex 128.137 10.457 5
      vertex 128.23 10.5078 5
    endloop
  endfacet
  facet normal 0.668965 -0.743294 0
    outer loop
      vertex 128.059 10.3867 5
      vertex 128.137 10.457 8
      vertex 128.059 10.3867 8
    endloop
  endfacet
  facet normal 0.668965 -0.743294 0
    outer loop
      vertex 128.137 10.457 8
      vertex 128.059 10.3867 5
      vertex 128.137 10.457 5
    endloop
  endfacet
  facet normal 0.789352 -0.613941 0
    outer loop
      vertex 128.004 10.3164 8
      vertex 128.059 10.3867 5
      vertex 128.059 10.3867 8
    endloop
  endfacet
  facet normal 0.789352 -0.613941 0
    outer loop
      vertex 128.059 10.3867 5
      vertex 128.004 10.3164 8
      vertex 128.004 10.3164 5
    endloop
  endfacet
  facet normal 0.948683 -0.316228 0
    outer loop
      vertex 127.973 10.2227 8
      vertex 128.004 10.3164 5
      vertex 128.004 10.3164 8
    endloop
  endfacet
  facet normal 0.948683 -0.316228 0
    outer loop
      vertex 128.004 10.3164 5
      vertex 127.973 10.2227 8
      vertex 127.973 10.2227 5
    endloop
  endfacet
  facet normal 0.97898 -0.203954 0
    outer loop
      vertex 127.953 10.1289 8
      vertex 127.973 10.2227 5
      vertex 127.973 10.2227 8
    endloop
  endfacet
  facet normal 0.97898 -0.203954 0
    outer loop
      vertex 127.973 10.2227 5
      vertex 127.953 10.1289 8
      vertex 127.953 10.1289 5
    endloop
  endfacet
  facet normal 0.993884 0.110432 0
    outer loop
      vertex 127.965 10.0234 8
      vertex 127.953 10.1289 5
      vertex 127.953 10.1289 8
    endloop
  endfacet
  facet normal 0.993884 0.110432 0
    outer loop
      vertex 127.953 10.1289 5
      vertex 127.965 10.0234 8
      vertex 127.965 10.0234 5
    endloop
  endfacet
  facet normal 0.934218 0.356702 0
    outer loop
      vertex 128.047 9.80859 8
      vertex 127.965 10.0234 5
      vertex 127.965 10.0234 8
    endloop
  endfacet
  facet normal 0.934218 0.356702 0
    outer loop
      vertex 127.965 10.0234 5
      vertex 128.047 9.80859 8
      vertex 128.047 9.80859 5
    endloop
  endfacet
  facet normal 0.803557 0.595228 0
    outer loop
      vertex 128.125 9.70312 8
      vertex 128.047 9.80859 5
      vertex 128.047 9.80859 8
    endloop
  endfacet
  facet normal 0.803557 0.595228 0
    outer loop
      vertex 128.047 9.80859 5
      vertex 128.125 9.70312 8
      vertex 128.125 9.70312 5
    endloop
  endfacet
  facet normal 0.761243 0.648466 0
    outer loop
      vertex 128.215 9.59766 8
      vertex 128.125 9.70312 5
      vertex 128.125 9.70312 8
    endloop
  endfacet
  facet normal 0.761243 0.648466 0
    outer loop
      vertex 128.125 9.70312 5
      vertex 128.215 9.59766 8
      vertex 128.215 9.59766 5
    endloop
  endfacet
  facet normal 0.688598 0.725143 -0
    outer loop
      vertex 132.633 5.40234 5
      vertex 128.215 9.59766 8
      vertex 132.633 5.40234 8
    endloop
  endfacet
  facet normal 0.688598 0.725143 0
    outer loop
      vertex 128.215 9.59766 8
      vertex 132.633 5.40234 5
      vertex 128.215 9.59766 5
    endloop
  endfacet
  facet normal 0.683786 0.729682 -0
    outer loop
      vertex 136.918 1.38672 5
      vertex 132.633 5.40234 8
      vertex 136.918 1.38672 8
    endloop
  endfacet
  facet normal 0.683786 0.729682 0
    outer loop
      vertex 132.633 5.40234 8
      vertex 136.918 1.38672 5
      vertex 132.633 5.40234 5
    endloop
  endfacet
  facet normal 1 -0 0
    outer loop
      vertex 136.918 1.35156 8
      vertex 136.918 1.38672 5
      vertex 136.918 1.38672 8
    endloop
  endfacet
  facet normal 1 0 0
    outer loop
      vertex 136.918 1.38672 5
      vertex 136.918 1.35156 8
      vertex 136.918 1.35156 5
    endloop
  endfacet
  facet normal 0.474169 -0.880434 0
    outer loop
      vertex 125.066 -5.03125 5
      vertex 136.918 1.35156 8
      vertex 125.066 -5.03125 8
    endloop
  endfacet
  facet normal 0.474169 -0.880434 0
    outer loop
      vertex 136.918 1.35156 8
      vertex 125.066 -5.03125 5
      vertex 136.918 1.35156 5
    endloop
  endfacet
  facet normal 0.477425 -0.878672 0
    outer loop
      vertex 119.164 -8.23828 5
      vertex 125.066 -5.03125 8
      vertex 119.164 -8.23828 8
    endloop
  endfacet
  facet normal 0.477425 -0.878672 0
    outer loop
      vertex 125.066 -5.03125 8
      vertex 119.164 -8.23828 5
      vertex 125.066 -5.03125 5
    endloop
  endfacet
  facet normal 0 -1 0
    outer loop
      vertex 119.137 -8.23828 5
      vertex 119.164 -8.23828 8
      vertex 119.137 -8.23828 8
    endloop
  endfacet
  facet normal 0 -1 -0
    outer loop
      vertex 119.164 -8.23828 8
      vertex 119.137 -8.23828 5
      vertex 119.164 -8.23828 5
    endloop
  endfacet
  facet normal -0.673302 -0.739368 0
    outer loop
      vertex 114.109 -3.66016 5
      vertex 119.137 -8.23828 8
      vertex 114.109 -3.66016 8
    endloop
  endfacet
  facet normal -0.673302 -0.739368 -0
    outer loop
      vertex 119.137 -8.23828 8
      vertex 114.109 -3.66016 5
      vertex 119.137 -8.23828 5
    endloop
  endfacet
  facet normal -1 0 0
    outer loop
      vertex 114.109 -3.66016 5
      vertex 114.109 -3.64844 8
      vertex 114.109 -3.64844 5
    endloop
  endfacet
  facet normal -1 -0 0
    outer loop
      vertex 114.109 -3.64844 8
      vertex 114.109 -3.66016 5
      vertex 114.109 -3.66016 8
    endloop
  endfacet
  facet normal -0.707107 -0.707107 0
    outer loop
      vertex 114.109 -3.64844 5
      vertex 114.098 -3.63672 8
      vertex 114.098 -3.63672 5
    endloop
  endfacet
  facet normal -0.707107 -0.707107 0
    outer loop
      vertex 114.098 -3.63672 8
      vertex 114.109 -3.64844 5
      vertex 114.109 -3.64844 8
    endloop
  endfacet
  facet normal -0.986394 0.164399 0
    outer loop
      vertex 114.098 -3.63672 5
      vertex 114.102 -3.61328 8
      vertex 114.102 -3.61328 5
    endloop
  endfacet
  facet normal -0.986394 0.164399 0
    outer loop
      vertex 114.102 -3.61328 8
      vertex 114.098 -3.63672 5
      vertex 114.098 -3.63672 8
    endloop
  endfacet
  facet normal -0.270008 0.962858 0
    outer loop
      vertex 114.84 -3.40625 5
      vertex 114.102 -3.61328 8
      vertex 114.84 -3.40625 8
    endloop
  endfacet
  facet normal -0.270008 0.962858 0
    outer loop
      vertex 114.102 -3.61328 8
      vertex 114.84 -3.40625 5
      vertex 114.102 -3.61328 5
    endloop
  endfacet
  facet normal -0.308245 0.951307 0
    outer loop
      vertex 115.539 -3.17969 5
      vertex 114.84 -3.40625 8
      vertex 115.539 -3.17969 8
    endloop
  endfacet
  facet normal -0.308245 0.951307 0
    outer loop
      vertex 114.84 -3.40625 8
      vertex 115.539 -3.17969 5
      vertex 114.84 -3.40625 5
    endloop
  endfacet
  facet normal -0.361435 0.932397 0
    outer loop
      vertex 116.234 -2.91016 5
      vertex 115.539 -3.17969 8
      vertex 116.234 -2.91016 8
    endloop
  endfacet
  facet normal -0.361435 0.932397 0
    outer loop
      vertex 115.539 -3.17969 8
      vertex 116.234 -2.91016 5
      vertex 115.539 -3.17969 5
    endloop
  endfacet
  facet normal -0.407107 0.913381 0
    outer loop
      vertex 116.918 -2.60547 5
      vertex 116.234 -2.91016 8
      vertex 116.918 -2.60547 8
    endloop
  endfacet
  facet normal -0.407107 0.913381 0
    outer loop
      vertex 116.234 -2.91016 8
      vertex 116.918 -2.60547 5
      vertex 116.234 -2.91016 5
    endloop
  endfacet
  facet normal -0.438736 0.898616 0
    outer loop
      vertex 117.582 -2.28125 5
      vertex 116.918 -2.60547 8
      vertex 117.582 -2.28125 8
    endloop
  endfacet
  facet normal -0.438736 0.898616 0
    outer loop
      vertex 116.918 -2.60547 8
      vertex 117.582 -2.28125 5
      vertex 116.918 -2.60547 5
    endloop
  endfacet
  facet normal -0.517599 0.855623 0
    outer loop
      vertex 118.215 -1.89844 5
      vertex 117.582 -2.28125 8
      vertex 118.215 -1.89844 8
    endloop
  endfacet
  facet normal -0.517599 0.855623 0
    outer loop
      vertex 117.582 -2.28125 8
      vertex 118.215 -1.89844 5
      vertex 117.582 -2.28125 5
    endloop
  endfacet
  facet normal -0.536538 0.843876 0
    outer loop
      vertex 118.848 -1.49609 5
      vertex 118.215 -1.89844 8
      vertex 118.848 -1.49609 8
    endloop
  endfacet
  facet normal -0.536538 0.843876 0
    outer loop
      vertex 118.215 -1.89844 8
      vertex 118.848 -1.49609 5
      vertex 118.215 -1.89844 5
    endloop
  endfacet
  facet normal -0.588172 0.808736 0
    outer loop
      vertex 119.449 -1.05859 5
      vertex 118.848 -1.49609 8
      vertex 119.449 -1.05859 8
    endloop
  endfacet
  facet normal -0.588172 0.808736 0
    outer loop
      vertex 118.848 -1.49609 8
      vertex 119.449 -1.05859 5
      vertex 118.848 -1.49609 5
    endloop
  endfacet
  facet normal -0.629198 0.777245 0
    outer loop
      vertex 120.023 -0.59375 5
      vertex 119.449 -1.05859 8
      vertex 120.023 -0.59375 8
    endloop
  endfacet
  facet normal -0.629198 0.777245 0
    outer loop
      vertex 119.449 -1.05859 8
      vertex 120.023 -0.59375 5
      vertex 119.449 -1.05859 5
    endloop
  endfacet
  facet normal -0.685694 0.72789 0
    outer loop
      vertex 120.562 -0.0859375 5
      vertex 120.023 -0.59375 8
      vertex 120.562 -0.0859375 8
    endloop
  endfacet
  facet normal -0.685694 0.72789 0
    outer loop
      vertex 120.023 -0.59375 8
      vertex 120.562 -0.0859375 5
      vertex 120.023 -0.59375 5
    endloop
  endfacet
  facet normal -0.727739 0.685854 0
    outer loop
      vertex 120.562 -0.0859375 5
      vertex 121.074 0.457031 8
      vertex 121.074 0.457031 5
    endloop
  endfacet
  facet normal -0.727739 0.685854 0
    outer loop
      vertex 121.074 0.457031 8
      vertex 120.562 -0.0859375 5
      vertex 120.562 -0.0859375 8
    endloop
  endfacet
  facet normal -0.764775 0.644297 0
    outer loop
      vertex 121.074 0.457031 5
      vertex 121.555 1.02734 8
      vertex 121.555 1.02734 5
    endloop
  endfacet
  facet normal -0.764775 0.644297 0
    outer loop
      vertex 121.555 1.02734 8
      vertex 121.074 0.457031 5
      vertex 121.074 0.457031 8
    endloop
  endfacet
  facet normal -0.813024 0.58223 0
    outer loop
      vertex 121.555 1.02734 5
      vertex 121.988 1.63281 8
      vertex 121.988 1.63281 5
    endloop
  endfacet
  facet normal -0.813024 0.58223 0
    outer loop
      vertex 121.988 1.63281 8
      vertex 121.555 1.02734 5
      vertex 121.555 1.02734 8
    endloop
  endfacet
  facet normal -0.84474 0.535177 0
    outer loop
      vertex 121.988 1.63281 5
      vertex 122.387 2.26172 8
      vertex 122.387 2.26172 5
    endloop
  endfacet
  facet normal -0.84474 0.535177 0
    outer loop
      vertex 122.387 2.26172 8
      vertex 121.988 1.63281 5
      vertex 121.988 1.63281 8
    endloop
  endfacet
  facet normal -0.879107 0.476624 0
    outer loop
      vertex 122.387 2.26172 5
      vertex 122.738 2.91016 8
      vertex 122.738 2.91016 5
    endloop
  endfacet
  facet normal -0.879107 0.476624 0
    outer loop
      vertex 122.738 2.91016 8
      vertex 122.387 2.26172 5
      vertex 122.387 2.26172 8
    endloop
  endfacet
  facet normal -0.914461 0.404675 0
    outer loop
      vertex 122.738 2.91016 5
      vertex 123.039 3.58984 8
      vertex 123.039 3.58984 5
    endloop
  endfacet
  facet normal -0.914461 0.404675 0
    outer loop
      vertex 123.039 3.58984 8
      vertex 122.738 2.91016 5
      vertex 122.738 2.91016 8
    endloop
  endfacet
  facet normal -0.935418 0.353544 0
    outer loop
      vertex 123.039 3.58984 5
      vertex 123.227 4.08594 8
      vertex 123.227 4.08594 5
    endloop
  endfacet
  facet normal -0.935418 0.353544 0
    outer loop
      vertex 123.227 4.08594 8
      vertex 123.039 3.58984 5
      vertex 123.039 3.58984 8
    endloop
  endfacet
  facet normal -0.956752 0.290904 0
    outer loop
      vertex 123.227 4.08594 5
      vertex 123.402 4.66406 8
      vertex 123.402 4.66406 5
    endloop
  endfacet
  facet normal -0.956752 0.290904 0
    outer loop
      vertex 123.402 4.66406 8
      vertex 123.227 4.08594 5
      vertex 123.227 4.08594 8
    endloop
  endfacet
  facet normal -0.972275 0.233838 0
    outer loop
      vertex 123.402 4.66406 5
      vertex 123.551 5.28125 8
      vertex 123.551 5.28125 5
    endloop
  endfacet
  facet normal -0.972275 0.233838 0
    outer loop
      vertex 123.551 5.28125 8
      vertex 123.402 4.66406 5
      vertex 123.402 4.66406 8
    endloop
  endfacet
  facet normal -0.990793 0.135388 0
    outer loop
      vertex 123.551 5.28125 5
      vertex 123.637 5.91016 8
      vertex 123.637 5.91016 5
    endloop
  endfacet
  facet normal -0.990793 0.135388 0
    outer loop
      vertex 123.637 5.91016 8
      vertex 123.551 5.28125 5
      vertex 123.551 5.28125 8
    endloop
  endfacet
  facet normal -0.999315 0.0370117 0
    outer loop
      vertex 123.637 5.91016 5
      vertex 123.66 6.54297 8
      vertex 123.66 6.54297 5
    endloop
  endfacet
  facet normal -0.999315 0.0370117 0
    outer loop
      vertex 123.66 6.54297 8
      vertex 123.637 5.91016 5
      vertex 123.637 5.91016 8
    endloop
  endfacet
  facet normal -0.997268 -0.0738717 0
    outer loop
      vertex 123.66 6.54297 5
      vertex 123.637 6.85938 8
      vertex 123.637 6.85938 5
    endloop
  endfacet
  facet normal -0.997268 -0.0738717 0
    outer loop
      vertex 123.637 6.85938 8
      vertex 123.66 6.54297 5
      vertex 123.66 6.54297 8
    endloop
  endfacet
  facet normal -0.989687 -0.143244 0
    outer loop
      vertex 123.637 6.85938 5
      vertex 123.594 7.15625 8
      vertex 123.594 7.15625 5
    endloop
  endfacet
  facet normal -0.989687 -0.143244 0
    outer loop
      vertex 123.594 7.15625 8
      vertex 123.637 6.85938 5
      vertex 123.637 6.85938 8
    endloop
  endfacet
  facet normal -0.981074 -0.193633 0
    outer loop
      vertex 123.594 7.15625 5
      vertex 123.535 7.45312 8
      vertex 123.535 7.45312 5
    endloop
  endfacet
  facet normal -0.981074 -0.193633 0
    outer loop
      vertex 123.535 7.45312 8
      vertex 123.594 7.15625 5
      vertex 123.594 7.15625 8
    endloop
  endfacet
  facet normal -0.956352 -0.292219 0
    outer loop
      vertex 123.535 7.45312 5
      vertex 123.449 7.73438 8
      vertex 123.449 7.73438 5
    endloop
  endfacet
  facet normal -0.956352 -0.292219 0
    outer loop
      vertex 123.449 7.73438 8
      vertex 123.535 7.45312 5
      vertex 123.535 7.45312 8
    endloop
  endfacet
  facet normal -0.930273 -0.366868 0
    outer loop
      vertex 123.449 7.73438 5
      vertex 123.34 8.01172 8
      vertex 123.34 8.01172 5
    endloop
  endfacet
  facet normal -0.930273 -0.366868 0
    outer loop
      vertex 123.34 8.01172 8
      vertex 123.449 7.73438 5
      vertex 123.449 7.73438 8
    endloop
  endfacet
  facet normal -0.899814 -0.436274 0
    outer loop
      vertex 123.34 8.01172 5
      vertex 123.215 8.26953 8
      vertex 123.215 8.26953 5
    endloop
  endfacet
  facet normal -0.899814 -0.436274 0
    outer loop
      vertex 123.215 8.26953 8
      vertex 123.34 8.01172 5
      vertex 123.34 8.01172 8
    endloop
  endfacet
  facet normal -0.859855 -0.510539 0
    outer loop
      vertex 123.215 8.26953 5
      vertex 123.066 8.51953 8
      vertex 123.066 8.51953 5
    endloop
  endfacet
  facet normal -0.859855 -0.510539 0
    outer loop
      vertex 123.066 8.51953 8
      vertex 123.215 8.26953 5
      vertex 123.215 8.26953 8
    endloop
  endfacet
  facet normal -0.808143 -0.588986 0
    outer loop
      vertex 123.066 8.51953 5
      vertex 122.898 8.75 8
      vertex 122.898 8.75 5
    endloop
  endfacet
  facet normal -0.808143 -0.588986 0
    outer loop
      vertex 122.898 8.75 8
      vertex 123.066 8.51953 5
      vertex 123.066 8.51953 8
    endloop
  endfacet
  facet normal -0.727202 -0.686424 0
    outer loop
      vertex 122.898 8.75 5
      vertex 122.504 9.16797 8
      vertex 122.504 9.16797 5
    endloop
  endfacet
  facet normal -0.727202 -0.686424 0
    outer loop
      vertex 122.504 9.16797 8
      vertex 122.898 8.75 5
      vertex 122.898 8.75 8
    endloop
  endfacet
  facet normal -0.657534 -0.753425 0
    outer loop
      vertex 122.289 9.35547 5
      vertex 122.504 9.16797 8
      vertex 122.289 9.35547 8
    endloop
  endfacet
  facet normal -0.657534 -0.753425 -0
    outer loop
      vertex 122.504 9.16797 8
      vertex 122.289 9.35547 5
      vertex 122.504 9.16797 5
    endloop
  endfacet
  facet normal -0.578747 -0.815507 0
    outer loop
      vertex 122.047 9.52734 5
      vertex 122.289 9.35547 8
      vertex 122.047 9.52734 8
    endloop
  endfacet
  facet normal -0.578747 -0.815507 -0
    outer loop
      vertex 122.289 9.35547 8
      vertex 122.047 9.52734 5
      vertex 122.289 9.35547 5
    endloop
  endfacet
  facet normal -0.507604 -0.861591 0
    outer loop
      vertex 121.543 9.82422 5
      vertex 122.047 9.52734 8
      vertex 121.543 9.82422 8
    endloop
  endfacet
  facet normal -0.507604 -0.861591 -0
    outer loop
      vertex 122.047 9.52734 8
      vertex 121.543 9.82422 5
      vertex 122.047 9.52734 5
    endloop
  endfacet
  facet normal -0.390057 -0.920791 0
    outer loop
      vertex 120.98 10.0625 5
      vertex 121.543 9.82422 8
      vertex 120.98 10.0625 8
    endloop
  endfacet
  facet normal -0.390057 -0.920791 -0
    outer loop
      vertex 121.543 9.82422 8
      vertex 120.98 10.0625 5
      vertex 121.543 9.82422 5
    endloop
  endfacet
  facet normal -0.308505 -0.951223 0
    outer loop
      vertex 120.402 10.25 5
      vertex 120.98 10.0625 8
      vertex 120.402 10.25 8
    endloop
  endfacet
  facet normal -0.308505 -0.951223 -0
    outer loop
      vertex 120.98 10.0625 8
      vertex 120.402 10.25 5
      vertex 120.98 10.0625 5
    endloop
  endfacet
  facet normal -0.202188 -0.979347 0
    outer loop
      vertex 119.797 10.375 5
      vertex 120.402 10.25 8
      vertex 119.797 10.375 8
    endloop
  endfacet
  facet normal -0.202188 -0.979347 -0
    outer loop
      vertex 120.402 10.25 8
      vertex 119.797 10.375 5
      vertex 120.402 10.25 5
    endloop
  endfacet
  facet normal -0.153015 -0.988224 0
    outer loop
      vertex 119.191 10.4688 5
      vertex 119.797 10.375 8
      vertex 119.191 10.4688 8
    endloop
  endfacet
  facet normal -0.153015 -0.988224 -0
    outer loop
      vertex 119.797 10.375 8
      vertex 119.191 10.4688 5
      vertex 119.797 10.375 5
    endloop
  endfacet
  facet normal -0.0820014 -0.996632 0
    outer loop
      vertex 118.574 10.5195 5
      vertex 119.191 10.4688 8
      vertex 118.574 10.5195 8
    endloop
  endfacet
  facet normal -0.0820014 -0.996632 -0
    outer loop
      vertex 119.191 10.4688 8
      vertex 118.574 10.5195 5
      vertex 119.191 10.4688 5
    endloop
  endfacet
  facet normal -0.0324504 -0.999473 0
    outer loop
      vertex 117.973 10.5391 5
      vertex 118.574 10.5195 8
      vertex 117.973 10.5391 8
    endloop
  endfacet
  facet normal -0.0324504 -0.999473 -0
    outer loop
      vertex 118.574 10.5195 8
      vertex 117.973 10.5391 5
      vertex 118.574 10.5195 5
    endloop
  endfacet
  facet normal -0.00664437 -0.999978 0
    outer loop
      vertex 116.797 10.5469 5
      vertex 117.973 10.5391 8
      vertex 116.797 10.5469 8
    endloop
  endfacet
  facet normal -0.00664437 -0.999978 -0
    outer loop
      vertex 117.973 10.5391 8
      vertex 116.797 10.5469 5
      vertex 117.973 10.5391 5
    endloop
  endfacet
  facet normal -0.000176866 -1 0
    outer loop
      vertex 94.7109 10.5508 5
      vertex 116.797 10.5469 8
      vertex 94.7109 10.5508 8
    endloop
  endfacet
  facet normal -0.000176866 -1 -0
    outer loop
      vertex 116.797 10.5469 8
      vertex 94.7109 10.5508 5
      vertex 116.797 10.5469 5
    endloop
  endfacet
  facet normal 0.0352722 -0.999378 0
    outer loop
      vertex 94.3789 10.5391 5
      vertex 94.7109 10.5508 8
      vertex 94.3789 10.5391 8
    endloop
  endfacet
  facet normal 0.0352722 -0.999378 0
    outer loop
      vertex 94.7109 10.5508 8
      vertex 94.3789 10.5391 5
      vertex 94.7109 10.5508 5
    endloop
  endfacet
  facet normal 0.143244 -0.989687 0
    outer loop
      vertex 94.082 10.4961 5
      vertex 94.3789 10.5391 8
      vertex 94.082 10.4961 8
    endloop
  endfacet
  facet normal 0.143244 -0.989687 0
    outer loop
      vertex 94.3789 10.5391 8
      vertex 94.082 10.4961 5
      vertex 94.3789 10.5391 5
    endloop
  endfacet
  facet normal 0.203954 -0.97898 0
    outer loop
      vertex 93.8008 10.4375 5
      vertex 94.082 10.4961 8
      vertex 93.8008 10.4375 8
    endloop
  endfacet
  facet normal 0.203954 -0.97898 0
    outer loop
      vertex 94.082 10.4961 8
      vertex 93.8008 10.4375 5
      vertex 94.082 10.4961 5
    endloop
  endfacet
  facet normal 0.34294 -0.939357 0
    outer loop
      vertex 93.5547 10.3477 5
      vertex 93.8008 10.4375 8
      vertex 93.5547 10.3477 8
    endloop
  endfacet
  facet normal 0.34294 -0.939357 0
    outer loop
      vertex 93.8008 10.4375 8
      vertex 93.5547 10.3477 5
      vertex 93.8008 10.4375 5
    endloop
  endfacet
  facet normal 0.44132 -0.89735 0
    outer loop
      vertex 93.3164 10.2305 5
      vertex 93.5547 10.3477 8
      vertex 93.3164 10.2305 8
    endloop
  endfacet
  facet normal 0.44132 -0.89735 0
    outer loop
      vertex 93.5547 10.3477 8
      vertex 93.3164 10.2305 5
      vertex 93.5547 10.3477 5
    endloop
  endfacet
  facet normal 0.536875 -0.843661 0
    outer loop
      vertex 93.1016 10.0938 5
      vertex 93.3164 10.2305 8
      vertex 93.1016 10.0938 8
    endloop
  endfacet
  facet normal 0.536875 -0.843661 0
    outer loop
      vertex 93.3164 10.2305 8
      vertex 93.1016 10.0938 5
      vertex 93.3164 10.2305 5
    endloop
  endfacet
  facet normal 0.619155 -0.785269 0
    outer loop
      vertex 92.8984 9.93359 5
      vertex 93.1016 10.0938 8
      vertex 92.8984 9.93359 8
    endloop
  endfacet
  facet normal 0.619155 -0.785269 0
    outer loop
      vertex 93.1016 10.0938 8
      vertex 92.8984 9.93359 5
      vertex 93.1016 10.0938 5
    endloop
  endfacet
  facet normal 0.692532 -0.721387 0
    outer loop
      vertex 92.7031 9.74609 5
      vertex 92.8984 9.93359 8
      vertex 92.7031 9.74609 8
    endloop
  endfacet
  facet normal 0.692532 -0.721387 0
    outer loop
      vertex 92.8984 9.93359 8
      vertex 92.7031 9.74609 5
      vertex 92.8984 9.93359 5
    endloop
  endfacet
  facet normal 0.76941 -0.638755 0
    outer loop
      vertex 92.5312 9.53906 8
      vertex 92.7031 9.74609 5
      vertex 92.7031 9.74609 8
    endloop
  endfacet
  facet normal 0.76941 -0.638755 0
    outer loop
      vertex 92.7031 9.74609 5
      vertex 92.5312 9.53906 8
      vertex 92.5312 9.53906 5
    endloop
  endfacet
  facet normal 0.817339 -0.576157 0
    outer loop
      vertex 92.3633 9.30078 8
      vertex 92.5312 9.53906 5
      vertex 92.5312 9.53906 8
    endloop
  endfacet
  facet normal 0.817339 -0.576157 0
    outer loop
      vertex 92.5312 9.53906 5
      vertex 92.3633 9.30078 8
      vertex 92.3633 9.30078 5
    endloop
  endfacet
  facet normal 0.858045 -0.513574 0
    outer loop
      vertex 92.043 8.76562 8
      vertex 92.3633 9.30078 5
      vertex 92.3633 9.30078 8
    endloop
  endfacet
  facet normal 0.858045 -0.513574 0
    outer loop
      vertex 92.3633 9.30078 5
      vertex 92.043 8.76562 8
      vertex 92.043 8.76562 5
    endloop
  endfacet
  facet normal 0.883883 -0.467708 0
    outer loop
      vertex 88.7812 2.60156 8
      vertex 92.043 8.76562 5
      vertex 92.043 8.76562 8
    endloop
  endfacet
  facet normal 0.883883 -0.467708 0
    outer loop
      vertex 92.043 8.76562 5
      vertex 88.7812 2.60156 8
      vertex 88.7812 2.60156 5
    endloop
  endfacet
  facet normal 0.887558 -0.460696 0
    outer loop
      vertex 85.5898 -3.54688 8
      vertex 88.7812 2.60156 5
      vertex 88.7812 2.60156 8
    endloop
  endfacet
  facet normal 0.887558 -0.460696 0
    outer loop
      vertex 88.7812 2.60156 5
      vertex 85.5898 -3.54688 8
      vertex 85.5898 -3.54688 5
    endloop
  endfacet
  facet normal 0.892239 -0.451563 0
    outer loop
      vertex 82.5117 -9.62891 8
      vertex 85.5898 -3.54688 5
      vertex 85.5898 -3.54688 8
    endloop
  endfacet
  facet normal 0.892239 -0.451563 0
    outer loop
      vertex 85.5898 -3.54688 5
      vertex 82.5117 -9.62891 8
      vertex 82.5117 -9.62891 5
    endloop
  endfacet
  facet normal 0.939123 -0.343582 0
    outer loop
      vertex 82.4531 -9.78906 8
      vertex 82.5117 -9.62891 5
      vertex 82.5117 -9.62891 8
    endloop
  endfacet
  facet normal 0.939123 -0.343582 0
    outer loop
      vertex 82.5117 -9.62891 5
      vertex 82.4531 -9.78906 8
      vertex 82.4531 -9.78906 5
    endloop
  endfacet
  facet normal 1 -0 0
    outer loop
      vertex 82.4531 -9.96094 8
      vertex 82.4531 -9.78906 5
      vertex 82.4531 -9.78906 8
    endloop
  endfacet
  facet normal 1 0 0
    outer loop
      vertex 82.4531 -9.78906 5
      vertex 82.4531 -9.96094 8
      vertex 82.4531 -9.96094 5
    endloop
  endfacet
  facet normal 0.904249 0.427006 0
    outer loop
      vertex 82.5195 -10.1016 8
      vertex 82.4531 -9.96094 5
      vertex 82.4531 -9.96094 8
    endloop
  endfacet
  facet normal 0.904249 0.427006 0
    outer loop
      vertex 82.4531 -9.96094 5
      vertex 82.5195 -10.1016 8
      vertex 82.5195 -10.1016 5
    endloop
  endfacet
  facet normal 0.778413 0.627752 0
    outer loop
      vertex 82.6172 -10.2227 8
      vertex 82.5195 -10.1016 5
      vertex 82.5195 -10.1016 8
    endloop
  endfacet
  facet normal 0.778413 0.627752 0
    outer loop
      vertex 82.5195 -10.1016 5
      vertex 82.6172 -10.2227 8
      vertex 82.6172 -10.2227 5
    endloop
  endfacet
  facet normal 0.514496 0.857493 -0
    outer loop
      vertex 82.7539 -10.3047 5
      vertex 82.6172 -10.2227 8
      vertex 82.7539 -10.3047 8
    endloop
  endfacet
  facet normal 0.514496 0.857493 0
    outer loop
      vertex 82.6172 -10.2227 8
      vertex 82.7539 -10.3047 5
      vertex 82.6172 -10.2227 5
    endloop
  endfacet
  facet normal 0.184289 0.982872 -0
    outer loop
      vertex 82.9414 -10.3398 5
      vertex 82.7539 -10.3047 8
      vertex 82.9414 -10.3398 8
    endloop
  endfacet
  facet normal 0.184289 0.982872 0
    outer loop
      vertex 82.7539 -10.3047 8
      vertex 82.9414 -10.3398 5
      vertex 82.7539 -10.3047 5
    endloop
  endfacet
  facet normal 0 1 -0
    outer loop
      vertex 90.3555 -10.3398 5
      vertex 82.9414 -10.3398 8
      vertex 90.3555 -10.3398 8
    endloop
  endfacet
  facet normal 0 1 0
    outer loop
      vertex 82.9414 -10.3398 8
      vertex 90.3555 -10.3398 5
      vertex 82.9414 -10.3398 5
    endloop
  endfacet
  facet normal -0.0322413 0.99948 0
    outer loop
      vertex 90.5977 -10.332 5
      vertex 90.3555 -10.3398 8
      vertex 90.5977 -10.332 8
    endloop
  endfacet
  facet normal -0.0322413 0.99948 0
    outer loop
      vertex 90.3555 -10.3398 8
      vertex 90.5977 -10.332 5
      vertex 90.3555 -10.3398 5
    endloop
  endfacet
  facet normal -0.133412 0.991061 0
    outer loop
      vertex 90.8008 -10.3047 5
      vertex 90.5977 -10.332 8
      vertex 90.8008 -10.3047 8
    endloop
  endfacet
  facet normal -0.133412 0.991061 0
    outer loop
      vertex 90.5977 -10.332 8
      vertex 90.8008 -10.3047 5
      vertex 90.5977 -10.332 5
    endloop
  endfacet
  facet normal -0.351123 0.936329 0
    outer loop
      vertex 90.957 -10.2461 5
      vertex 90.8008 -10.3047 8
      vertex 90.957 -10.2461 8
    endloop
  endfacet
  facet normal -0.351123 0.936329 0
    outer loop
      vertex 90.8008 -10.3047 8
      vertex 90.957 -10.2461 5
      vertex 90.8008 -10.3047 5
    endloop
  endfacet
  facet normal -0.60745 0.794358 0
    outer loop
      vertex 91.0898 -10.1445 5
      vertex 90.957 -10.2461 8
      vertex 91.0898 -10.1445 8
    endloop
  endfacet
  facet normal -0.60745 0.794358 0
    outer loop
      vertex 90.957 -10.2461 8
      vertex 91.0898 -10.1445 5
      vertex 90.957 -10.2461 5
    endloop
  endfacet
  facet normal -0.753773 0.657135 0
    outer loop
      vertex 91.0898 -10.1445 5
      vertex 91.2227 -9.99219 8
      vertex 91.2227 -9.99219 5
    endloop
  endfacet
  facet normal -0.753773 0.657135 0
    outer loop
      vertex 91.2227 -9.99219 8
      vertex 91.0898 -10.1445 5
      vertex 91.0898 -10.1445 8
    endloop
  endfacet
  facet normal -0.864348 0.502894 0
    outer loop
      vertex 91.2227 -9.99219 5
      vertex 91.3477 -9.77734 8
      vertex 91.3477 -9.77734 5
    endloop
  endfacet
  facet normal -0.864348 0.502894 0
    outer loop
      vertex 91.3477 -9.77734 8
      vertex 91.2227 -9.99219 5
      vertex 91.2227 -9.99219 8
    endloop
  endfacet
  facet normal -0.886627 0.462486 0
    outer loop
      vertex 91.3477 -9.77734 5
      vertex 93.6562 -5.35156 8
      vertex 93.6562 -5.35156 5
    endloop
  endfacet
  facet normal -0.886627 0.462486 0
    outer loop
      vertex 93.6562 -5.35156 8
      vertex 91.3477 -9.77734 5
      vertex 91.3477 -9.77734 8
    endloop
  endfacet
  facet normal -0.889696 0.456554 0
    outer loop
      vertex 93.6562 -5.35156 5
      vertex 95.9414 -0.898438 8
      vertex 95.9414 -0.898438 5
    endloop
  endfacet
  facet normal -0.889696 0.456554 0
    outer loop
      vertex 95.9414 -0.898438 8
      vertex 93.6562 -5.35156 5
      vertex 93.6562 -5.35156 8
    endloop
  endfacet
  facet normal -0.891759 0.452511 0
    outer loop
      vertex 95.9414 -0.898438 5
      vertex 98.207 3.56641 8
      vertex 98.207 3.56641 5
    endloop
  endfacet
  facet normal -0.891759 0.452511 0
    outer loop
      vertex 98.207 3.56641 8
      vertex 95.9414 -0.898438 5
      vertex 95.9414 -0.898438 8
    endloop
  endfacet
  facet normal -0.880471 0.4741 0
    outer loop
      vertex 98.207 3.56641 5
      vertex 98.4805 4.07422 8
      vertex 98.4805 4.07422 5
    endloop
  endfacet
  facet normal -0.880471 0.4741 0
    outer loop
      vertex 98.4805 4.07422 8
      vertex 98.207 3.56641 5
      vertex 98.207 3.56641 8
    endloop
  endfacet
  facet normal -0.785269 0.619155 0
    outer loop
      vertex 98.4805 4.07422 5
      vertex 98.6406 4.27734 8
      vertex 98.6406 4.27734 5
    endloop
  endfacet
  facet normal -0.785269 0.619155 0
    outer loop
      vertex 98.6406 4.27734 8
      vertex 98.4805 4.07422 5
      vertex 98.4805 4.07422 8
    endloop
  endfacet
  facet normal -0.761539 0.648119 0
    outer loop
      vertex 98.6406 4.27734 5
      vertex 98.7969 4.46094 8
      vertex 98.7969 4.46094 5
    endloop
  endfacet
  facet normal -0.761539 0.648119 0
    outer loop
      vertex 98.7969 4.46094 8
      vertex 98.6406 4.27734 5
      vertex 98.6406 4.27734 8
    endloop
  endfacet
  facet normal -0.680451 0.732793 0
    outer loop
      vertex 98.9609 4.61328 5
      vertex 98.7969 4.46094 8
      vertex 98.9609 4.61328 8
    endloop
  endfacet
  facet normal -0.680451 0.732793 0
    outer loop
      vertex 98.7969 4.46094 8
      vertex 98.9609 4.61328 5
      vertex 98.7969 4.46094 5
    endloop
  endfacet
  facet normal -0.582908 0.812538 0
    outer loop
      vertex 99.1406 4.74219 5
      vertex 98.9609 4.61328 8
      vertex 99.1406 4.74219 8
    endloop
  endfacet
  facet normal -0.582908 0.812538 0
    outer loop
      vertex 98.9609 4.61328 8
      vertex 99.1406 4.74219 5
      vertex 98.9609 4.61328 5
    endloop
  endfacet
  facet normal -0.481259 0.876579 0
    outer loop
      vertex 99.3398 4.85156 5
      vertex 99.1406 4.74219 8
      vertex 99.3398 4.85156 8
    endloop
  endfacet
  facet normal -0.481259 0.876579 0
    outer loop
      vertex 99.1406 4.74219 8
      vertex 99.3398 4.85156 5
      vertex 99.1406 4.74219 5
    endloop
  endfacet
  facet normal -0.347314 0.937749 0
    outer loop
      vertex 99.5508 4.92969 5
      vertex 99.3398 4.85156 8
      vertex 99.5508 4.92969 8
    endloop
  endfacet
  facet normal -0.347314 0.937749 0
    outer loop
      vertex 99.3398 4.85156 8
      vertex 99.5508 4.92969 5
      vertex 99.3398 4.85156 5
    endloop
  endfacet
  facet normal -0.246399 0.969169 0
    outer loop
      vertex 99.7812 4.98828 5
      vertex 99.5508 4.92969 8
      vertex 99.7812 4.98828 8
    endloop
  endfacet
  facet normal -0.246399 0.969169 0
    outer loop
      vertex 99.5508 4.92969 8
      vertex 99.7812 4.98828 5
      vertex 99.5508 4.92969 5
    endloop
  endfacet
  facet normal -0.19906 0.979987 0
    outer loop
      vertex 100.031 5.03906 5
      vertex 99.7812 4.98828 8
      vertex 100.031 5.03906 8
    endloop
  endfacet
  facet normal -0.19906 0.979987 0
    outer loop
      vertex 99.7812 4.98828 8
      vertex 100.031 5.03906 5
      vertex 99.7812 4.98828 5
    endloop
  endfacet
  facet normal -0.0478902 0.998853 0
    outer loop
      vertex 100.602 5.06641 5
      vertex 100.031 5.03906 8
      vertex 100.602 5.06641 8
    endloop
  endfacet
  facet normal -0.0478902 0.998853 0
    outer loop
      vertex 100.031 5.03906 8
      vertex 100.602 5.06641 5
      vertex 100.031 5.03906 5
    endloop
  endfacet
  facet normal 0 1 -0
    outer loop
      vertex 113.586 5.06641 5
      vertex 100.602 5.06641 8
      vertex 113.586 5.06641 8
    endloop
  endfacet
  facet normal 0 1 0
    outer loop
      vertex 100.602 5.06641 8
      vertex 113.586 5.06641 5
      vertex 100.602 5.06641 5
    endloop
  endfacet
  facet normal 0.0388057 0.999247 -0
    outer loop
      vertex 113.988 5.05078 5
      vertex 113.586 5.06641 8
      vertex 113.988 5.05078 8
    endloop
  endfacet
  facet normal 0.0388057 0.999247 0
    outer loop
      vertex 113.586 5.06641 8
      vertex 113.988 5.05078 5
      vertex 113.586 5.06641 5
    endloop
  endfacet
  facet normal 0.182908 0.98313 -0
    outer loop
      vertex 114.324 4.98828 5
      vertex 113.988 5.05078 8
      vertex 114.324 4.98828 8
    endloop
  endfacet
  facet normal 0.182908 0.98313 0
    outer loop
      vertex 113.988 5.05078 8
      vertex 114.324 4.98828 5
      vertex 113.988 5.05078 5
    endloop
  endfacet
  facet normal 0.349591 0.936903 -0
    outer loop
      vertex 114.586 4.89062 5
      vertex 114.324 4.98828 8
      vertex 114.586 4.89062 8
    endloop
  endfacet
  facet normal 0.349591 0.936903 0
    outer loop
      vertex 114.324 4.98828 8
      vertex 114.586 4.89062 5
      vertex 114.324 4.98828 5
    endloop
  endfacet
  facet normal 0.50702 0.861934 -0
    outer loop
      vertex 114.785 4.77344 5
      vertex 114.586 4.89062 8
      vertex 114.785 4.77344 8
    endloop
  endfacet
  facet normal 0.50702 0.861934 0
    outer loop
      vertex 114.586 4.89062 8
      vertex 114.785 4.77344 5
      vertex 114.586 4.89062 5
    endloop
  endfacet
  facet normal 0.777245 0.629198 0
    outer loop
      vertex 114.918 4.60938 8
      vertex 114.785 4.77344 5
      vertex 114.785 4.77344 8
    endloop
  endfacet
  facet normal 0.777245 0.629198 0
    outer loop
      vertex 114.785 4.77344 5
      vertex 114.918 4.60938 8
      vertex 114.918 4.60938 5
    endloop
  endfacet
  facet normal 0.923077 0.384615 0
    outer loop
      vertex 114.996 4.42188 8
      vertex 114.918 4.60938 5
      vertex 114.918 4.60938 8
    endloop
  endfacet
  facet normal 0.923077 0.384615 0
    outer loop
      vertex 114.918 4.60938 5
      vertex 114.996 4.42188 8
      vertex 114.996 4.42188 5
    endloop
  endfacet
  facet normal 0.995409 0.0957124 0
    outer loop
      vertex 115.016 4.21875 8
      vertex 114.996 4.42188 5
      vertex 114.996 4.42188 8
    endloop
  endfacet
  facet normal 0.995409 0.0957124 0
    outer loop
      vertex 114.996 4.42188 5
      vertex 115.016 4.21875 8
      vertex 115.016 4.21875 5
    endloop
  endfacet
  facet normal 0.990932 -0.134364 0
    outer loop
      vertex 114.984 3.98828 8
      vertex 115.016 4.21875 5
      vertex 115.016 4.21875 8
    endloop
  endfacet
  facet normal 0.990932 -0.134364 0
    outer loop
      vertex 115.016 4.21875 5
      vertex 114.984 3.98828 8
      vertex 114.984 3.98828 5
    endloop
  endfacet
  facet normal 0.961524 -0.274721 0
    outer loop
      vertex 114.914 3.74219 8
      vertex 114.984 3.98828 5
      vertex 114.984 3.98828 8
    endloop
  endfacet
  facet normal 0.961524 -0.274721 0
    outer loop
      vertex 114.984 3.98828 5
      vertex 114.914 3.74219 8
      vertex 114.914 3.74219 5
    endloop
  endfacet
  facet normal 0.917722 -0.397223 0
    outer loop
      vertex 114.801 3.48047 8
      vertex 114.914 3.74219 5
      vertex 114.914 3.74219 8
    endloop
  endfacet
  facet normal 0.917722 -0.397223 0
    outer loop
      vertex 114.914 3.74219 5
      vertex 114.801 3.48047 8
      vertex 114.801 3.48047 5
    endloop
  endfacet
  facet normal 0.881665 -0.471877 0
    outer loop
      vertex 114.652 3.20312 8
      vertex 114.801 3.48047 5
      vertex 114.801 3.48047 8
    endloop
  endfacet
  facet normal 0.881665 -0.471877 0
    outer loop
      vertex 114.801 3.48047 5
      vertex 114.652 3.20312 8
      vertex 114.652 3.20312 5
    endloop
  endfacet
  facet normal 0.852438 -0.522829 0
    outer loop
      vertex 114.473 2.91016 8
      vertex 114.652 3.20312 5
      vertex 114.652 3.20312 8
    endloop
  endfacet
  facet normal 0.852438 -0.522829 0
    outer loop
      vertex 114.652 3.20312 5
      vertex 114.473 2.91016 8
      vertex 114.473 2.91016 5
    endloop
  endfacet
  facet normal 0.786053 -0.618159 0
    outer loop
      vertex 114.156 2.50781 8
      vertex 114.473 2.91016 5
      vertex 114.473 2.91016 8
    endloop
  endfacet
  facet normal 0.786053 -0.618159 0
    outer loop
      vertex 114.473 2.91016 5
      vertex 114.156 2.50781 8
      vertex 114.156 2.50781 5
    endloop
  endfacet
  facet normal 0.69938 -0.714751 0
    outer loop
      vertex 113.793 2.15234 5
      vertex 114.156 2.50781 8
      vertex 113.793 2.15234 8
    endloop
  endfacet
  facet normal 0.69938 -0.714751 0
    outer loop
      vertex 114.156 2.50781 8
      vertex 113.793 2.15234 5
      vertex 114.156 2.50781 5
    endloop
  endfacet
  facet normal 0.618464 -0.785813 0
    outer loop
      vertex 113.371 1.82031 5
      vertex 113.793 2.15234 8
      vertex 113.371 1.82031 8
    endloop
  endfacet
  facet normal 0.618464 -0.785813 0
    outer loop
      vertex 113.793 2.15234 8
      vertex 113.371 1.82031 5
      vertex 113.793 2.15234 5
    endloop
  endfacet
  facet normal 0.513461 -0.858113 0
    outer loop
      vertex 112.895 1.53516 5
      vertex 113.371 1.82031 8
      vertex 112.895 1.53516 8
    endloop
  endfacet
  facet normal 0.513461 -0.858113 0
    outer loop
      vertex 113.371 1.82031 8
      vertex 112.895 1.53516 5
      vertex 113.371 1.82031 5
    endloop
  endfacet
  facet normal 0.444558 -0.89575 0
    outer loop
      vertex 112.367 1.27344 5
      vertex 112.895 1.53516 8
      vertex 112.367 1.27344 8
    endloop
  endfacet
  facet normal 0.444558 -0.89575 0
    outer loop
      vertex 112.895 1.53516 8
      vertex 112.367 1.27344 5
      vertex 112.895 1.53516 5
    endloop
  endfacet
  facet normal 0.343714 -0.939075 0
    outer loop
      vertex 111.77 1.05469 5
      vertex 112.367 1.27344 8
      vertex 111.77 1.05469 8
    endloop
  endfacet
  facet normal 0.343714 -0.939075 0
    outer loop
      vertex 112.367 1.27344 8
      vertex 111.77 1.05469 5
      vertex 112.367 1.27344 5
    endloop
  endfacet
  facet normal 0.274721 -0.961524 0
    outer loop
      vertex 111.113 0.867188 5
      vertex 111.77 1.05469 8
      vertex 111.113 0.867188 8
    endloop
  endfacet
  facet normal 0.274721 -0.961524 0
    outer loop
      vertex 111.77 1.05469 8
      vertex 111.113 0.867188 5
      vertex 111.77 1.05469 5
    endloop
  endfacet
  facet normal 0.219767 -0.975552 0
    outer loop
      vertex 110.402 0.707031 5
      vertex 111.113 0.867188 8
      vertex 110.402 0.707031 8
    endloop
  endfacet
  facet normal 0.219767 -0.975552 0
    outer loop
      vertex 111.113 0.867188 8
      vertex 110.402 0.707031 5
      vertex 111.113 0.867188 5
    endloop
  endfacet
  facet normal 0.14834 -0.988936 0
    outer loop
      vertex 109.621 0.589844 5
      vertex 110.402 0.707031 8
      vertex 109.621 0.589844 8
    endloop
  endfacet
  facet normal 0.14834 -0.988936 0
    outer loop
      vertex 110.402 0.707031 8
      vertex 109.621 0.589844 5
      vertex 110.402 0.707031 5
    endloop
  endfacet
  facet normal 0.0981158 -0.995175 0
    outer loop
      vertex 108.789 0.507812 5
      vertex 109.621 0.589844 8
      vertex 108.789 0.507812 8
    endloop
  endfacet
  facet normal 0.0981158 -0.995175 0
    outer loop
      vertex 109.621 0.589844 8
      vertex 108.789 0.507812 5
      vertex 109.621 0.589844 5
    endloop
  endfacet
  facet normal 0.0557074 -0.998447 0
    outer loop
      vertex 107.879 0.457031 5
      vertex 108.789 0.507812 8
      vertex 107.879 0.457031 8
    endloop
  endfacet
  facet normal 0.0557074 -0.998447 0
    outer loop
      vertex 108.789 0.507812 8
      vertex 107.879 0.457031 5
      vertex 108.789 0.507812 5
    endloop
  endfacet
  facet normal 0.0161269 -0.99987 0
    outer loop
      vertex 106.91 0.441406 5
      vertex 107.879 0.457031 8
      vertex 106.91 0.441406 8
    endloop
  endfacet
  facet normal 0.0161269 -0.99987 0
    outer loop
      vertex 107.879 0.457031 8
      vertex 106.91 0.441406 5
      vertex 107.879 0.457031 5
    endloop
  endfacet
  facet normal 0 -1 0
    outer loop
      vertex 100.355 0.441406 5
      vertex 106.91 0.441406 8
      vertex 100.355 0.441406 8
    endloop
  endfacet
  facet normal 0 -1 -0
    outer loop
      vertex 106.91 0.441406 8
      vertex 100.355 0.441406 5
      vertex 106.91 0.441406 5
    endloop
  endfacet
  facet normal 0.132164 -0.991228 0
    outer loop
      vertex 100.238 0.425781 5
      vertex 100.355 0.441406 8
      vertex 100.238 0.425781 8
    endloop
  endfacet
  facet normal 0.132164 -0.991228 0
    outer loop
      vertex 100.355 0.441406 8
      vertex 100.238 0.425781 5
      vertex 100.355 0.441406 5
    endloop
  endfacet
  facet normal 0.26963 -0.962964 0
    outer loop
      vertex 100.141 0.398438 5
      vertex 100.238 0.425781 8
      vertex 100.141 0.398438 8
    endloop
  endfacet
  facet normal 0.26963 -0.962964 0
    outer loop
      vertex 100.238 0.425781 8
      vertex 100.141 0.398438 5
      vertex 100.238 0.425781 5
    endloop
  endfacet
  facet normal 0.416655 -0.909065 0
    outer loop
      vertex 100.047 0.355469 5
      vertex 100.141 0.398438 8
      vertex 100.047 0.355469 8
    endloop
  endfacet
  facet normal 0.416655 -0.909065 0
    outer loop
      vertex 100.141 0.398438 8
      vertex 100.047 0.355469 5
      vertex 100.141 0.398438 5
    endloop
  endfacet
  facet normal 0.594391 -0.804176 0
    outer loop
      vertex 99.957 0.289062 5
      vertex 100.047 0.355469 8
      vertex 99.957 0.289062 8
    endloop
  endfacet
  facet normal 0.594391 -0.804176 0
    outer loop
      vertex 100.047 0.355469 8
      vertex 99.957 0.289062 5
      vertex 100.047 0.355469 5
    endloop
  endfacet
  facet normal 0.837998 -0.545673 0
    outer loop
      vertex 99.8477 0.121094 8
      vertex 99.957 0.289062 5
      vertex 99.957 0.289062 8
    endloop
  endfacet
  facet normal 0.837998 -0.545673 0
    outer loop
      vertex 99.957 0.289062 5
      vertex 99.8477 0.121094 8
      vertex 99.8477 0.121094 5
    endloop
  endfacet
  facet normal 0.939793 -0.341743 0
    outer loop
      vertex 99.8164 0.0351562 8
      vertex 99.8477 0.121094 5
      vertex 99.8477 0.121094 8
    endloop
  endfacet
  facet normal 0.939793 -0.341743 0
    outer loop
      vertex 99.8477 0.121094 5
      vertex 99.8164 0.0351562 8
      vertex 99.8164 0.0351562 5
    endloop
  endfacet
  facet normal 0.992278 -0.124035 0
    outer loop
      vertex 99.8047 -0.0585938 8
      vertex 99.8164 0.0351562 5
      vertex 99.8164 0.0351562 8
    endloop
  endfacet
  facet normal 0.992278 -0.124035 0
    outer loop
      vertex 99.8164 0.0351562 5
      vertex 99.8047 -0.0585938 8
      vertex 99.8047 -0.0585938 5
    endloop
  endfacet
  facet normal 1 -0 0
    outer loop
      vertex 99.8047 -0.164062 8
      vertex 99.8047 -0.0585938 5
      vertex 99.8047 -0.0585938 8
    endloop
  endfacet
  facet normal 1 0 0
    outer loop
      vertex 99.8047 -0.0585938 5
      vertex 99.8047 -0.164062 8
      vertex 99.8047 -0.164062 5
    endloop
  endfacet
  facet normal 0.96 0.28 0
    outer loop
      vertex 99.832 -0.257812 8
      vertex 99.8047 -0.164062 5
      vertex 99.8047 -0.164062 8
    endloop
  endfacet
  facet normal 0.96 0.28 0
    outer loop
      vertex 99.8047 -0.164062 5
      vertex 99.832 -0.257812 8
      vertex 99.832 -0.257812 5
    endloop
  endfacet
  facet normal 0.894427 0.447214 0
    outer loop
      vertex 99.8789 -0.351562 8
      vertex 99.832 -0.257812 5
      vertex 99.832 -0.257812 8
    endloop
  endfacet
  facet normal 0.894427 0.447214 0
    outer loop
      vertex 99.832 -0.257812 5
      vertex 99.8789 -0.351562 8
      vertex 99.8789 -0.351562 5
    endloop
  endfacet
  facet normal 0.768221 0.640184 0
    outer loop
      vertex 99.957 -0.445312 8
      vertex 99.8789 -0.351562 5
      vertex 99.8789 -0.351562 8
    endloop
  endfacet
  facet normal 0.768221 0.640184 0
    outer loop
      vertex 99.8789 -0.351562 5
      vertex 99.957 -0.445312 8
      vertex 99.957 -0.445312 5
    endloop
  endfacet
  facet normal 0.686946 0.726708 -0
    outer loop
      vertex 106.668 -6.78906 5
      vertex 99.957 -0.445312 8
      vertex 106.668 -6.78906 8
    endloop
  endfacet
  facet normal 0.686946 0.726708 0
    outer loop
      vertex 99.957 -0.445312 8
      vertex 106.668 -6.78906 5
      vertex 99.957 -0.445312 5
    endloop
  endfacet
  facet normal 0.684784 0.728746 -0
    outer loop
      vertex 110.035 -9.95312 5
      vertex 106.668 -6.78906 8
      vertex 110.035 -9.95312 8
    endloop
  endfacet
  facet normal 0.684784 0.728746 0
    outer loop
      vertex 106.668 -6.78906 8
      vertex 110.035 -9.95312 5
      vertex 106.668 -6.78906 5
    endloop
  endfacet
  facet normal 0.664364 0.747409 -0
    outer loop
      vertex 110.211 -10.1094 5
      vertex 110.035 -9.95312 8
      vertex 110.211 -10.1094 8
    endloop
  endfacet
  facet normal 0.664364 0.747409 0
    outer loop
      vertex 110.035 -9.95312 8
      vertex 110.211 -10.1094 5
      vertex 110.035 -9.95312 5
    endloop
  endfacet
  facet normal 0.564684 0.825307 -0
    outer loop
      vertex 110.359 -10.2109 5
      vertex 110.211 -10.1094 8
      vertex 110.359 -10.2109 8
    endloop
  endfacet
  facet normal 0.564684 0.825307 0
    outer loop
      vertex 110.211 -10.1094 8
      vertex 110.359 -10.2109 5
      vertex 110.211 -10.1094 5
    endloop
  endfacet
  facet normal 0.436904 0.899508 -0
    outer loop
      vertex 110.496 -10.2773 5
      vertex 110.359 -10.2109 8
      vertex 110.496 -10.2773 8
    endloop
  endfacet
  facet normal 0.436904 0.899508 0
    outer loop
      vertex 110.359 -10.2109 8
      vertex 110.496 -10.2773 5
      vertex 110.359 -10.2109 5
    endloop
  endfacet
  facet normal 0.280899 0.959737 -0
    outer loop
      vertex 110.656 -10.3242 5
      vertex 110.496 -10.2773 8
      vertex 110.656 -10.3242 8
    endloop
  endfacet
  facet normal 0.280899 0.959737 0
    outer loop
      vertex 110.496 -10.2773 8
      vertex 110.656 -10.3242 5
      vertex 110.496 -10.2773 5
    endloop
  endfacet
  facet normal 0.0366726 0.999327 -0
    outer loop
      vertex 111.082 -10.3398 5
      vertex 110.656 -10.3242 8
      vertex 111.082 -10.3398 8
    endloop
  endfacet
  facet normal 0.0366726 0.999327 0
    outer loop
      vertex 110.656 -10.3242 8
      vertex 111.082 -10.3398 5
      vertex 110.656 -10.3242 5
    endloop
  endfacet
  facet normal 0 1 -0
    outer loop
      vertex 128.887 -10.3398 5
      vertex 111.082 -10.3398 8
      vertex 128.887 -10.3398 8
    endloop
  endfacet
  facet normal 0 1 0
    outer loop
      vertex 111.082 -10.3398 8
      vertex 128.887 -10.3398 5
      vertex 111.082 -10.3398 5
    endloop
  endfacet
  facet normal -0.0525588 0.998618 0
    outer loop
      vertex 129.184 -10.3242 5
      vertex 128.887 -10.3398 8
      vertex 129.184 -10.3242 8
    endloop
  endfacet
  facet normal -0.0525588 0.998618 0
    outer loop
      vertex 128.887 -10.3398 8
      vertex 129.184 -10.3242 5
      vertex 128.887 -10.3398 5
    endloop
  endfacet
  facet normal -0.210556 0.977582 0
    outer loop
      vertex 129.438 -10.2695 5
      vertex 129.184 -10.3242 8
      vertex 129.438 -10.2695 8
    endloop
  endfacet
  facet normal -0.210556 0.977582 0
    outer loop
      vertex 129.184 -10.3242 8
      vertex 129.438 -10.2695 5
      vertex 129.184 -10.3242 5
    endloop
  endfacet
  facet normal -0.426419 0.904526 0
    outer loop
      vertex 129.711 -10.1406 5
      vertex 129.438 -10.2695 8
      vertex 129.711 -10.1406 8
    endloop
  endfacet
  facet normal -0.426419 0.904526 0
    outer loop
      vertex 129.438 -10.2695 8
      vertex 129.711 -10.1406 5
      vertex 129.438 -10.2695 5
    endloop
  endfacet
  facet normal -0.479782 0.877388 0
    outer loop
      vertex 133.84 -7.88281 5
      vertex 129.711 -10.1406 8
      vertex 133.84 -7.88281 8
    endloop
  endfacet
  facet normal -0.479782 0.877388 0
    outer loop
      vertex 129.711 -10.1406 8
      vertex 133.84 -7.88281 5
      vertex 129.711 -10.1406 5
    endloop
  endfacet
  facet normal -0.484163 0.874978 0
    outer loop
      vertex 142.078 -3.32422 5
      vertex 133.84 -7.88281 8
      vertex 142.078 -3.32422 8
    endloop
  endfacet
  facet normal -0.484163 0.874978 0
    outer loop
      vertex 133.84 -7.88281 8
      vertex 142.078 -3.32422 5
      vertex 133.84 -7.88281 5
    endloop
  endfacet
  facet normal 0.242536 0.970143 -0
    outer loop
      vertex 142.109 -3.33203 5
      vertex 142.078 -3.32422 8
      vertex 142.109 -3.33203 8
    endloop
  endfacet
  facet normal 0.242536 0.970143 0
    outer loop
      vertex 142.078 -3.32422 8
      vertex 142.109 -3.33203 5
      vertex 142.078 -3.32422 5
    endloop
  endfacet
  facet normal 0.683019 0.730401 -0
    outer loop
      vertex 149.215 -9.97656 5
      vertex 142.109 -3.33203 8
      vertex 149.215 -9.97656 8
    endloop
  endfacet
  facet normal 0.683019 0.730401 0
    outer loop
      vertex 142.109 -3.33203 8
      vertex 149.215 -9.97656 5
      vertex 142.109 -3.33203 5
    endloop
  endfacet
  facet normal 0.658505 0.752577 -0
    outer loop
      vertex 149.371 -10.1133 5
      vertex 149.215 -9.97656 8
      vertex 149.371 -10.1133 8
    endloop
  endfacet
  facet normal 0.658505 0.752577 0
    outer loop
      vertex 149.215 -9.97656 8
      vertex 149.371 -10.1133 5
      vertex 149.215 -9.97656 5
    endloop
  endfacet
  facet normal 0.533993 0.845489 -0
    outer loop
      vertex 149.52 -10.207 5
      vertex 149.371 -10.1133 8
      vertex 149.52 -10.207 8
    endloop
  endfacet
  facet normal 0.533993 0.845489 0
    outer loop
      vertex 149.371 -10.1133 8
      vertex 149.52 -10.207 5
      vertex 149.371 -10.1133 5
    endloop
  endfacet
  facet normal 0.457348 0.889288 -0
    outer loop
      vertex 149.656 -10.2773 5
      vertex 149.52 -10.207 8
      vertex 149.656 -10.2773 8
    endloop
  endfacet
  facet normal 0.457348 0.889288 0
    outer loop
      vertex 149.52 -10.207 8
      vertex 149.656 -10.2773 5
      vertex 149.52 -10.207 5
    endloop
  endfacet
  facet normal 0.294086 0.955779 -0
    outer loop
      vertex 149.809 -10.3242 5
      vertex 149.656 -10.2773 8
      vertex 149.809 -10.3242 8
    endloop
  endfacet
  facet normal 0.294086 0.955779 0
    outer loop
      vertex 149.656 -10.2773 8
      vertex 149.809 -10.3242 5
      vertex 149.656 -10.2773 5
    endloop
  endfacet
  facet normal 0.115501 0.993307 -0
    outer loop
      vertex 149.977 -10.3438 5
      vertex 149.809 -10.3242 8
      vertex 149.977 -10.3438 8
    endloop
  endfacet
  facet normal 0.115501 0.993307 0
    outer loop
      vertex 149.809 -10.3242 8
      vertex 149.977 -10.3438 5
      vertex 149.809 -10.3242 5
    endloop
  endfacet
  facet normal 0.0356915 0.999363 -0
    outer loop
      vertex 150.195 -10.3516 5
      vertex 149.977 -10.3438 8
      vertex 150.195 -10.3516 8
    endloop
  endfacet
  facet normal 0.0356915 0.999363 0
    outer loop
      vertex 149.977 -10.3438 8
      vertex 150.195 -10.3516 5
      vertex 149.977 -10.3438 5
    endloop
  endfacet
  facet normal 0.00041511 1 -0
    outer loop
      vertex 159.605 -10.3555 5
      vertex 150.195 -10.3516 8
      vertex 159.605 -10.3555 8
    endloop
  endfacet
  facet normal 0.00041511 1 0
    outer loop
      vertex 150.195 -10.3516 8
      vertex 159.605 -10.3555 5
      vertex 150.195 -10.3516 5
    endloop
  endfacet
  facet normal -0.119145 0.992877 0
    outer loop
      vertex 159.703 -10.3438 5
      vertex 159.605 -10.3555 8
      vertex 159.703 -10.3438 8
    endloop
  endfacet
  facet normal -0.119145 0.992877 0
    outer loop
      vertex 159.605 -10.3555 8
      vertex 159.703 -10.3438 5
      vertex 159.605 -10.3555 5
    endloop
  endfacet
endsolid OpenSCAD_Model
